1783322601.352624416 0.000427 -0.010198 0.030412 0.006513 0.028214 0.002266 0.999578
1783322601.452586174 -0.000662 -0.011103 0.024856 0.006706 0.027887 0.002280 0.999586
1783322601.552994728 -0.001446 -0.011985 0.020749 0.006882 0.027589 0.002309 0.999593
1783322601.652592182 -0.001793 -0.012538 0.017805 0.007086 0.027257 0.002308 0.999601
1783322601.752538443 -0.001872 -0.012807 0.015908 0.007303 0.026947 0.002319 0.999607
1783322601.852551222 -0.001478 -0.012573 0.015329 0.007514 0.026592 0.002324 0.999615
1783322601.952516794 -0.001459 -0.012271 0.015285 0.007668 0.026365 0.002310 0.999620
1783322602.052497864 -0.001585 -0.011835 0.015758 0.007793 0.026205 0.002311 0.999624
1783322602.153202295 -0.001482 -0.011394 0.016632 0.007954 0.026045 0.002266 0.999627
1783322602.252496958 -0.000828 -0.010709 0.019184 0.007968 0.025944 0.002354 0.999629
1783322602.352486610 -0.000462 -0.010623 0.019637 0.008041 0.025929 0.002250 0.999629
1783322602.452501059 -0.000166 -0.010765 0.020068 0.008046 0.025925 0.002301 0.999629
1783322602.552490711 0.000178 -0.010905 0.021832 0.008016 0.025973 0.002295 0.999628
1783322602.652441263 0.000220 -0.010971 0.027407 0.007937 0.026082 0.002355 0.999626
1783322602.752418756 0.000146 -0.010806 0.028159 0.007925 0.026098 0.002206 0.999626
1783322602.852377176 0.000201 -0.010308 0.028791 0.007830 0.026246 0.002113 0.999623
1783322602.952366114 -0.000220 -0.010044 0.029361 0.007827 0.026242 0.002271 0.999622
1783322603.052901506 -0.000110 -0.009713 0.029921 0.007753 0.026307 0.002171 0.999621
1783322603.152344227 0.000795 -0.009619 0.030383 0.007676 0.026461 0.002125 0.999618
1783322603.252362490 0.001018 -0.009763 0.030661 0.007645 0.026449 0.002153 0.999619
1783322603.352646828 0.000972 -0.009958 0.030833 0.007567 0.026474 0.002146 0.999619
1783322603.452422619 0.001734 -0.010138 0.030909 0.007480 0.026499 0.002089 0.999619
1783322603.554731846 0.001622 -0.010978 0.030943 0.007465 0.026482 0.002389 0.999619
1783322603.652832985 0.001836 -0.011201 0.031071 0.007528 0.026423 0.002677 0.999619
1783322603.752511740 0.001297 -0.011623 0.031196 0.007440 0.026541 0.002471 0.999617
1783322603.852564096 0.001033 -0.011662 0.031348 0.007539 0.026311 0.002049 0.999623
1783322603.952623367 0.001333 -0.011485 0.031403 0.007531 0.026469 0.001741 0.999620
1783322604.052953005 0.000988 -0.011619 0.031468 0.007577 0.026441 0.001620 0.999620
1783322604.152417660 0.000608 -0.011620 0.031466 0.007600 0.026258 0.001601 0.999625
1783322604.252749205 0.000619 -0.011743 0.031436 0.007595 0.026306 0.001599 0.999624
1783322604.352323294 0.000703 -0.011794 0.031402 0.007577 0.026272 0.001752 0.999625
1783322604.452319860 0.000421 -0.011669 0.031441 0.007569 0.026255 0.001772 0.999625
1783322604.552288055 0.000508 -0.011382 0.031533 0.007548 0.026216 0.001753 0.999626
1783322604.652226448 0.000304 -0.011142 0.031544 0.007560 0.026170 0.001782 0.999627
1783322604.752196074 0.000367 -0.010911 0.031505 0.007523 0.026186 0.001901 0.999627
1783322604.852204800 0.000516 -0.010820 0.031453 0.007479 0.026198 0.001883 0.999627
1783322604.952250719 0.000936 -0.010929 0.031378 0.007453 0.026241 0.001840 0.999626
1783322605.052319050 0.000685 -0.011043 0.031187 0.007476 0.026177 0.002058 0.999627
1783322605.152196884 0.000798 -0.010878 0.031025 0.007418 0.026251 0.002008 0.999626
1783322605.252181530 0.000854 -0.010965 0.030841 0.007413 0.026320 0.001932 0.999624
1783322605.352188349 0.000384 -0.010623 0.030616 0.007375 0.026318 0.002035 0.999624
1783322605.452164412 0.000683 -0.010367 0.030309 0.007384 0.026381 0.001946 0.999623
1783322605.552213669 0.000849 -0.010274 0.029982 0.007400 0.026369 0.001924 0.999623
1783322605.652179480 0.001037 -0.010360 0.029589 0.007409 0.026366 0.001932 0.999623
1783322605.752179146 0.001417 -0.010582 0.029098 0.007398 0.026400 0.001899 0.999622
1783322605.852223873 0.001440 -0.010869 0.028471 0.007447 0.026359 0.001897 0.999623
1783322605.952192545 0.001566 -0.011074 0.027749 0.007496 0.026337 0.001901 0.999623
1783322606.054745674 0.001133 -0.011140 0.027060 0.007530 0.026300 0.001937 0.999624
1783322606.152200460 0.000755 -0.011182 0.026437 0.007550 0.026328 0.001931 0.999623
1783322606.256865025 0.000501 -0.010992 0.025801 0.007587 0.026365 0.001928 0.999622
1783322606.352114677 0.000536 -0.010896 0.025936 0.007644 0.026330 0.001971 0.999622
1783322606.453510523 0.000708 -0.010928 0.026049 0.007686 0.026359 0.002002 0.999621
1783322606.552103996 0.000939 -0.011163 0.026153 0.007713 0.026334 0.002002 0.999621
1783322606.652089119 0.001148 -0.011443 0.026119 0.007733 0.026336 0.001999 0.999621
1783322606.752051353 0.001177 -0.011638 0.026047 0.007757 0.026324 0.002034 0.999621
1783322606.853400469 0.001096 -0.011485 0.031154 0.007770 0.026361 0.002038 0.999620
1783322606.951988220 0.000702 -0.011415 0.031116 0.007770 0.026364 0.002041 0.999620
1783322607.054293633 0.000234 -0.011142 0.031109 0.007772 0.026362 0.002054 0.999620
1783322607.152748585 -0.000158 -0.010826 0.031095 0.007783 0.026351 0.002051 0.999620
1783322607.251980782 -0.000014 -0.010727 0.031120 0.007789 0.026324 0.002066 0.999621
1783322607.352020979 0.000341 -0.010775 0.031119 0.007780 0.026342 0.002036 0.999621
1783322607.452143908 0.000592 -0.010967 0.031030 0.007757 0.026323 0.001973 0.999621
1783322607.552035093 0.000879 -0.011058 0.030964 0.007721 0.026355 0.001966 0.999621
1783322607.652035952 0.000690 -0.011053 0.030919 0.007695 0.026299 0.002012 0.999622
1783322607.752034903 0.000807 -0.011021 0.030909 0.007659 0.026316 0.002005 0.999622
1783322607.852056742 0.001022 -0.011003 0.031027 0.007654 0.026294 0.001880 0.999623
1783322607.952096701 0.000891 -0.010951 0.031092 0.007632 0.026248 0.001960 0.999624
1783322608.052392244 0.000894 -0.010768 0.031072 0.007612 0.026238 0.002028 0.999625
1783322608.152006865 0.001420 -0.010668 0.031012 0.007563 0.026275 0.002050 0.999624
1783322608.252012491 0.001508 -0.010767 0.030922 0.007544 0.026211 0.002106 0.999626
1783322608.351995468 0.001794 -0.010980 0.030834 0.007515 0.026226 0.002116 0.999626
1783322608.451949358 0.001663 -0.011151 0.030771 0.007526 0.026178 0.002245 0.999626
1783322608.551983356 0.001457 -0.011209 0.030798 0.007532 0.026179 0.002360 0.999626
1783322608.651941776 0.001263 -0.011218 0.030825 0.007568 0.026175 0.002433 0.999626
1783322608.751967430 0.001156 -0.011302 0.030932 0.007589 0.026192 0.002413 0.999625
1783322608.851992846 0.001108 -0.011415 0.031040 0.007611 0.026168 0.002256 0.999626
1783322608.951982975 0.001173 -0.011405 0.031052 0.007646 0.026178 0.002201 0.999626
1783322609.052016973 0.001528 -0.011516 0.031075 0.007665 0.026206 0.002167 0.999625
1783322609.152028322 0.001668 -0.011662 0.031023 0.007700 0.026161 0.002207 0.999626
1783322609.252007246 0.001665 -0.011810 0.030955 0.007737 0.026166 0.002177 0.999625
1783322609.351992130 0.001695 -0.011849 0.030856 0.007743 0.026212 0.002065 0.999624
1783322609.451975346 0.001464 -0.011683 0.030697 0.007756 0.026157 0.002103 0.999626
1783322609.551956415 0.000906 -0.011455 0.030991 0.007723 0.026209 0.002024 0.999625
1783322609.651965380 0.000509 -0.011307 0.031037 0.007746 0.026161 0.002069 0.999626
1783322609.751940727 0.000811 -0.011230 0.031088 0.007663 0.026207 0.002039 0.999625
1783322609.851913929 0.000757 -0.011233 0.031132 0.007633 0.026230 0.002038 0.999625
1783322609.951944351 0.000553 -0.011301 0.031154 0.007619 0.026195 0.002108 0.999626
1783322610.051967859 0.000894 -0.011348 0.031138 0.007565 0.026294 0.002041 0.999624
1783322610.151953697 0.000650 -0.011219 0.031094 0.007528 0.026273 0.002118 0.999624
1783322610.251985073 0.000556 -0.010905 0.031044 0.007458 0.026327 0.002135 0.999623
1783322610.352049589 0.000580 -0.010473 0.030969 0.007460 0.026328 0.002186 0.999623
1783322610.452092409 0.000600 -0.010125 0.030979 0.007458 0.026301 0.002101 0.999624
1783322610.552309275 0.001216 -0.009915 0.031029 0.007419 0.026367 0.001850 0.999623
1783322610.652014971 0.001853 -0.010108 0.031094 0.007429 0.026387 0.001442 0.999623
1783322610.752034903 0.002271 -0.010431 0.031057 0.007404 0.026430 0.001381 0.999622
1783322610.851994514 0.002296 -0.010790 0.030978 0.007429 0.026454 0.001420 0.999621
1783322610.951984167 0.002180 -0.010953 0.030885 0.007458 0.026438 0.001512 0.999621
1783322611.051973581 0.001925 -0.011017 0.030658 0.007473 0.026451 0.001585 0.999621
1783322611.151950598 0.001457 -0.011011 0.030708 0.007498 0.026427 0.001629 0.999621
1783322611.251950741 0.001233 -0.010812 0.030833 0.007522 0.026446 0.001680 0.999621
1783322611.351940393 0.000961 -0.010715 0.031022 0.007569 0.026402 0.001699 0.999621
1783322611.452029943 0.000925 -0.010627 0.031149 0.007564 0.026432 0.001751 0.999620
1783322611.551993847 0.000811 -0.010939 0.031161 0.007614 0.026357 0.001791 0.999622
1783322611.652006626 0.000812 -0.011223 0.031182 0.007607 0.026360 0.001863 0.999622
1783322611.752018452 0.000625 -0.011436 0.031204 0.007624 0.026337 0.001839 0.999622
1783322611.852075100 0.000576 -0.011352 0.031129 0.007662 0.026291 0.001789 0.999623
1783322611.952073097 0.000551 -0.011296 0.031116 0.007693 0.026318 0.001769 0.999622
1783322612.052066565 -0.000014 -0.011204 0.031188 0.007730 0.026289 0.001873 0.999623
1783322612.152086496 -0.000064 -0.010996 0.031277 0.007755 0.026308 0.001864 0.999622
1783322612.252126694 0.000208 -0.010867 0.031426 0.007784 0.026342 0.001776 0.999621
1783322612.352119684 0.000421 -0.010719 0.031522 0.007815 0.026372 0.001769 0.999620
1783322612.452101469 0.000661 -0.010899 0.031465 0.007856 0.026403 0.001609 0.999619
1783322612.552086115 0.000770 -0.010854 0.031342 0.007888 0.026425 0.001620 0.999618
1783322612.652065992 0.000768 -0.010641 0.031271 0.007948 0.026429 0.001640 0.999618
1783322612.752051830 0.000815 -0.010254 0.031219 0.008009 0.026450 0.001688 0.999617
1783322612.852034807 0.000929 -0.009848 0.031128 0.008087 0.026465 0.001754 0.999615
1783322612.951994181 0.001173 -0.009498 0.031026 0.008189 0.026482 0.001835 0.999614
1783322613.051984072 0.001739 -0.009292 0.030878 0.008332 0.026484 0.001926 0.999613
1783322613.151991606 0.002860 -0.009261 0.030650 0.008445 0.026525 0.002137 0.999610
1783322613.251988649 0.003986 -0.009898 0.030393 0.008619 0.026379 0.002167 0.999613
1783322613.352039576 0.005239 -0.010893 0.030105 0.008694 0.026321 0.002296 0.999613
1783322613.452027321 0.006289 -0.012292 0.029791 0.008806 0.026149 0.002461 0.999616
1783322613.552008867 0.007623 -0.013934 0.029456 0.008888 0.025975 0.002708 0.999619
1783322613.652067661 0.009290 -0.015854 0.029095 0.008858 0.025795 0.002803 0.999624
1783322613.752111435 0.012098 -0.018240 0.028826 0.008725 0.025538 0.002600 0.999632
1783322613.852101803 0.017921 -0.021544 0.028500 0.008490 0.025487 0.002192 0.999637
1783322613.952098370 0.028052 -0.026256 0.028066 0.008232 0.025329 0.001793 0.999644
1783322614.052024364 0.043164 -0.033360 0.027393 0.007883 0.025303 0.001874 0.999647
1783322614.151892185 0.061513 -0.043547 0.026607 0.007537 0.025499 0.003949 0.999639
1783322614.251768589 0.080751 -0.057572 0.025684 0.007278 0.025866 0.008877 0.999600
1783322614.351706266 0.098921 -0.073860 0.024773 0.007213 0.026039 0.014042 0.999536
1783322614.451573849 0.112234 -0.091235 0.024043 0.006408 0.026437 0.018214 0.999464
1783322614.551496029 0.119337 -0.113315 0.023309 0.005994 0.026524 0.026719 0.999273
1783322614.651446581 0.122846 -0.139613 0.022935 0.006374 0.026219 0.039069 0.998872
1783322614.751734734 0.126263 -0.165985 0.023585 0.006153 0.025926 0.050898 0.998348
1783322614.852589130 0.131378 -0.191833 0.024356 0.006201 0.026135 0.060442 0.997810
1783322614.952045918 0.136339 -0.217007 0.023268 0.006446 0.025964 0.067337 0.997372
1783322615.052350044 0.141055 -0.242647 0.026411 0.006404 0.026171 0.071654 0.997066
1783322615.152590513 0.145230 -0.268691 0.025885 0.006445 0.026171 0.073976 0.996896
1783322615.252770901 0.147517 -0.296293 0.025413 0.006813 0.025945 0.075229 0.996805
1783322615.352858305 0.148413 -0.324573 0.024973 0.006747 0.026185 0.075279 0.996796
1783322615.452834368 0.147657 -0.353516 0.024626 0.006689 0.026280 0.074705 0.996837
1783322615.555094004 0.145049 -0.383335 0.024217 0.006836 0.026207 0.073498 0.996927
1783322615.652890921 0.141255 -0.411720 0.023635 0.006823 0.026269 0.071733 0.997055
1783322615.752362728 0.135498 -0.441371 0.022983 0.006973 0.026259 0.070430 0.997147
1783322615.852246523 0.127892 -0.471545 0.022407 0.006636 0.026388 0.069613 0.997203
1783322615.952107430 0.118588 -0.502874 0.021933 0.006362 0.026593 0.068653 0.997266
1783322616.051948547 0.107893 -0.536022 0.021694 0.006701 0.026476 0.067600 0.997339
1783322616.151885271 0.096625 -0.570181 0.021575 0.006140 0.026599 0.066799 0.997393
1783322616.251940250 0.085294 -0.605476 0.021482 0.006242 0.026874 0.066474 0.997407
1783322616.351854563 0.074183 -0.640881 0.021434 0.006383 0.026768 0.066064 0.997436
1783322616.452023029 0.062998 -0.676788 0.021305 0.006342 0.026600 0.065799 0.997458
1783322616.553993702 0.050837 -0.713221 0.020887 0.006137 0.026576 0.065391 0.997487
1783322616.652031660 0.038768 -0.748256 0.020282 0.006742 0.026220 0.064906 0.997524
1783322616.752181292 0.026000 -0.782668 0.019616 0.007209 0.025540 0.064426 0.997570
1783322616.852239370 0.013284 -0.814560 0.019023 0.007153 0.025728 0.063382 0.997632
1783322616.952354670 -0.000271 -0.843481 0.019007 0.007324 0.025328 0.060840 0.997799
1783322617.052660465 -0.015538 -0.870268 0.018749 0.007381 0.025154 0.057289 0.998013
1783322617.152435780 -0.031966 -0.895232 0.018537 0.008201 0.025521 0.052479 0.998262
1783322617.252716541 -0.049805 -0.918795 0.018381 0.008047 0.025206 0.047829 0.998505
1783322617.353044748 -0.068727 -0.941102 0.018392 0.008321 0.025197 0.043740 0.998690
1783322617.452194452 -0.088476 -0.961402 0.018280 0.008338 0.025297 0.040658 0.998818
1783322617.561420441 -0.111861 -0.980984 0.017940 0.008296 0.025680 0.036676 0.998963
1783322617.652044296 -0.134124 -0.996138 0.017714 0.008306 0.025674 0.033312 0.999081
1783322617.751962423 -0.161794 -1.012755 0.018056 0.008061 0.026280 0.030953 0.999143
1783322617.854649544 -0.194090 -1.030236 0.018802 0.007498 0.026633 0.029438 0.999184
1783322617.953949213 -0.228321 -1.048123 0.019405 0.007329 0.026562 0.029095 0.999197
1783322618.051982880 -0.264469 -1.066879 0.019923 0.007007 0.027334 0.029468 0.999167
1783322618.151792526 -0.303673 -1.087776 0.020273 0.006732 0.027243 0.030354 0.999145
1783322618.251835108 -0.344545 -1.109970 0.020670 0.006331 0.027351 0.031398 0.999113
1783322618.352003813 -0.386639 -1.133410 0.020956 0.005956 0.027435 0.033034 0.999060
1783322618.451989889 -0.428743 -1.156805 0.021090 0.005687 0.027400 0.034177 0.999024
1783322618.552091599 -0.470602 -1.180078 0.021396 0.005486 0.027430 0.034990 0.998996
1783322618.652121782 -0.512738 -1.203572 0.021531 0.005395 0.027324 0.036414 0.998949
1783322618.752184629 -0.555125 -1.227144 0.022031 0.005167 0.027575 0.037888 0.998888
1783322618.852227449 -0.598337 -1.251892 0.022882 0.005171 0.027216 0.039378 0.998840
1783322618.952142239 -0.642484 -1.276611 0.023713 0.004798 0.026717 0.040977 0.998791
1783322619.052165270 -0.686784 -1.302120 0.024652 0.004904 0.026831 0.042525 0.998723
1783322619.152155161 -0.731603 -1.327523 0.026249 0.005369 0.026157 0.043806 0.998683
1783322619.252153158 -0.775561 -1.351780 0.031436 0.005234 0.026122 0.044397 0.998659
1783322619.352125168 -0.818788 -1.375292 0.032391 0.005471 0.025973 0.045089 0.998630
1783322619.452111244 -0.861381 -1.397633 0.033240 0.005523 0.025701 0.045400 0.998623
1783322619.556879520 -0.906367 -1.420381 0.034284 0.005883 0.025280 0.045618 0.998622
1783322619.657150269 -0.949659 -1.440762 0.035237 0.005763 0.024425 0.044966 0.998673
1783322619.752149582 -0.991117 -1.459249 0.035875 0.005979 0.024873 0.044398 0.998686
1783322619.852122068 -1.035997 -1.478100 0.036757 0.006034 0.025287 0.043527 0.998714
1783322619.952136755 -1.083049 -1.496881 0.037402 0.005902 0.024029 0.042841 0.998775
1783322620.052161932 -1.131404 -1.516147 0.037900 0.005835 0.024157 0.041605 0.998825
1783322620.152170181 -1.181547 -1.534409 0.038040 0.006098 0.023834 0.039504 0.998917
1783322620.252545834 -1.233077 -1.550931 0.038087 0.006094 0.023403 0.036724 0.999033
1783322620.352437496 -1.284289 -1.565211 0.037941 0.006302 0.022827 0.033225 0.999167
1783322620.452353001 -1.335680 -1.578205 0.038268 0.006242 0.022641 0.029421 0.999291
1783322620.552656651 -1.387399 -1.590568 0.038683 0.006086 0.022331 0.025445 0.999408
1783322620.652152538 -1.438343 -1.603092 0.039290 0.006401 0.021740 0.021351 0.999515
1783322620.752134562 -1.489570 -1.615118 0.039747 0.006064 0.021832 0.017302 0.999594
1783322620.851961851 -1.541086 -1.626418 0.040091 0.006055 0.021545 0.012941 0.999666
1783322620.951910496 -1.592759 -1.637108 0.040329 0.005961 0.021055 0.008511 0.999724
1783322621.051843643 -1.644123 -1.647058 0.040439 0.006079 0.020606 0.004174 0.999760
1783322621.151811123 -1.695177 -1.655991 0.040685 0.005754 0.020553 -0.000159 0.999772
1783322621.251838923 -1.746237 -1.664955 0.040976 0.006046 0.020387 -0.004793 0.999762
1783322621.351830959 -1.798226 -1.673119 0.041418 0.005971 0.020371 -0.009254 0.999732
1783322621.451798201 -1.851219 -1.681023 0.041825 0.006328 0.020040 -0.014735 0.999671
1783322621.551843405 -1.905668 -1.688466 0.042114 0.006308 0.019875 -0.018762 0.999606
1783322621.651904821 -1.961131 -1.696888 0.042471 0.007603 0.019313 -0.024594 0.999482
1783322621.751944542 -2.016777 -1.703325 0.043245 0.007021 0.019766 -0.030618 0.999311
1783322621.852035046 -2.073144 -1.709644 0.043779 0.007564 0.020481 -0.036168 0.999107
1783322621.952037096 -2.130066 -1.714518 0.044191 0.007689 0.020919 -0.042245 0.998859
1783322622.052041769 -2.188317 -1.718286 0.044858 0.008072 0.021188 -0.048032 0.998588
1783322622.152001381 -2.246453 -1.721640 0.045657 0.008437 0.021014 -0.054123 0.998277
1783322622.251989365 -2.304424 -1.723972 0.046458 0.008318 0.021470 -0.059899 0.997939
1783322622.351991177 -2.362639 -1.726618 0.047186 0.008430 0.021903 -0.065736 0.997561
1783322622.451951742 -2.420834 -1.729202 0.047805 0.008922 0.021746 -0.071284 0.997179
1783322622.551932812 -2.478432 -1.731521 0.048017 0.009088 0.021939 -0.076609 0.996778
1783322622.651942968 -2.535918 -1.733675 0.048237 0.009163 0.022123 -0.081033 0.996424
1783322622.751876116 -2.592727 -1.735098 0.048417 0.009151 0.022427 -0.085390 0.996053
1783322622.851783991 -2.648964 -1.736564 0.048425 0.009275 0.021894 -0.088864 0.995760
1783322622.951785326 -2.704172 -1.737666 0.049346 0.008860 0.022417 -0.090102 0.995641
1783322623.051782846 -2.759181 -1.738224 0.050383 0.008866 0.021830 -0.091842 0.995495
1783322623.151821375 -2.813509 -1.738922 0.051683 0.009573 0.021344 -0.093344 0.995359
1783322623.251888752 -2.867326 -1.738382 0.053038 0.009152 0.021850 -0.095351 0.995162
1783322623.351922989 -2.920587 -1.738770 0.052756 0.009148 0.021993 -0.096934 0.995006
1783322623.451922417 -2.972202 -1.740316 0.057537 0.009207 0.022064 -0.097015 0.994996
1783322623.551882267 -3.022708 -1.743694 0.057537 0.009256 0.020156 -0.096029 0.995131
1783322623.651875257 -3.072225 -1.748297 0.058170 0.008762 0.020663 -0.094739 0.995249
1783322623.751830339 -3.122725 -1.753711 0.058636 0.009263 0.020793 -0.091916 0.995507
1783322623.851864100 -3.172779 -1.759622 0.059263 0.009662 0.020564 -0.089000 0.995772
1783322623.951905012 -3.223560 -1.765947 0.060263 0.008918 0.021175 -0.085949 0.996035
1783322624.051944733 -3.273940 -1.773102 0.061153 0.009694 0.021341 -0.081994 0.996357
1783322624.152006149 -3.324121 -1.780366 0.061954 0.009032 0.019941 -0.077510 0.996751
1783322624.252024889 -3.373434 -1.787643 0.062947 0.008548 0.020424 -0.073594 0.997043
1783322624.352062941 -3.423472 -1.796635 0.063769 0.009126 0.020715 -0.069228 0.997344
1783322624.452069759 -3.474884 -1.806202 0.064642 0.008799 0.020795 -0.063872 0.997703
1783322624.551967621 -3.527862 -1.816931 0.065569 0.008654 0.020978 -0.057339 0.998097
1783322624.651899338 -3.582343 -1.828442 0.066415 0.008116 0.021287 -0.049612 0.998509
1783322624.751798630 -3.638498 -1.841602 0.067534 0.007932 0.021889 -0.040954 0.998890
1783322624.851736069 -3.695360 -1.855991 0.068816 0.007459 0.021853 -0.030481 0.999269
1783322624.951667547 -3.751937 -1.872881 0.069400 0.007695 0.021985 -0.018464 0.999558
1783322625.051745415 -3.809411 -1.890211 0.069607 0.006911 0.021724 -0.005002 0.999728
1783322625.151814461 -3.865522 -1.909187 0.069842 0.007016 0.021486 0.006722 0.999722
1783322625.251932383 -3.920984 -1.929565 0.069996 0.006828 0.021841 0.019250 0.999553
1783322625.352039337 -3.976285 -1.951410 0.069674 0.006414 0.022671 0.031681 0.999220
1783322625.452165127 -4.031914 -1.974284 0.069042 0.006271 0.021360 0.044050 0.998781
1783322625.552303314 -4.087089 -1.998782 0.068269 0.006141 0.021563 0.057332 0.998103
1783322625.652326107 -4.141510 -2.023676 0.067929 0.005914 0.021462 0.069660 0.997322
1783322625.752338648 -4.194688 -2.049456 0.067398 0.005412 0.021282 0.082003 0.996390
1783322625.852321148 -4.246104 -2.076148 0.067755 0.004568 0.022620 0.094178 0.995288
1783322625.955440044 -4.297154 -2.105320 0.068051 0.004886 0.022963 0.107940 0.993880
1783322626.052245140 -4.344794 -2.133778 0.067822 0.004329 0.020815 0.119909 0.992557
1783322626.152238846 -4.392501 -2.164718 0.067888 0.003766 0.021566 0.132582 0.990930
1783322626.252889872 -4.441349 -2.197040 0.069386 0.004189 0.022438 0.144867 0.989188
1783322626.352094412 -4.489250 -2.230432 0.071262 0.003892 0.021016 0.156489 0.987448
1783322626.452043533 -4.536665 -2.263537 0.073248 0.003370 0.021733 0.169133 0.985348
1783322626.551997662 -4.583215 -2.299158 0.074994 0.003928 0.022745 0.181172 0.983180
1783322626.652662992 -4.629266 -2.336438 0.076696 0.003080 0.022629 0.192660 0.981000
1783322626.752082348 -4.673526 -2.374499 0.078145 0.003224 0.022492 0.203968 0.978714
1783322626.852220535 -4.716651 -2.413261 0.078174 0.002884 0.022501 0.214540 0.976452
1783322626.952170849 -4.758395 -2.451470 0.077868 0.002758 0.022730 0.224442 0.974218
1783322627.052308559 -4.799832 -2.490286 0.078433 0.001927 0.022227 0.233798 0.972029
1783322627.152195454 -4.840701 -2.530084 0.079037 0.002094 0.022632 0.242663 0.969844
1783322627.252264738 -4.881788 -2.570756 0.080241 0.002025 0.022385 0.250777 0.967784
1783322627.352308989 -4.923874 -2.612720 0.081689 0.001623 0.022434 0.257419 0.966038
1783322627.453734636 -4.967464 -2.655728 0.081911 0.002123 0.022361 0.261420 0.964964
1783322627.552965403 -5.011374 -2.697498 0.082738 0.001896 0.022908 0.262097 0.964768
1783322627.652617931 -5.057618 -2.740524 0.086876 0.003075 0.022793 0.261157 0.965022
1783322627.752855539 -5.105532 -2.783798 0.086367 0.002186 0.022738 0.260248 0.965272
1783322627.852441549 -5.155251 -2.827758 0.085957 0.002644 0.023280 0.259778 0.965384
1783322627.952233791 -5.206479 -2.871893 0.085717 0.003172 0.023332 0.259200 0.965537
1783322628.052121878 -5.259275 -2.916618 0.085961 0.003369 0.023329 0.259126 0.965556
1783322628.152167559 -5.312832 -2.961532 0.086576 0.002908 0.022959 0.259330 0.965512
1783322628.251940727 -5.366038 -3.007315 0.086994 0.003577 0.022932 0.259732 0.965402
1783322628.351889133 -5.419356 -3.053787 0.087734 0.002866 0.022916 0.260494 0.965199
1783322628.452188253 -5.472908 -3.100478 0.088593 0.003043 0.022511 0.261386 0.964967
1783322628.551912546 -5.526039 -3.146557 0.089322 0.002547 0.022561 0.262317 0.964715
1783322628.651901960 -5.580629 -3.194269 0.089163 0.002211 0.022929 0.263682 0.964334
1783322628.751948118 -5.636832 -3.243689 0.089136 0.002147 0.022572 0.265259 0.963911
1783322628.852006674 -5.693064 -3.293700 0.089368 0.002140 0.022593 0.266387 0.963599
1783322628.952051878 -5.749483 -3.343921 0.090109 0.002009 0.022866 0.267748 0.963216
1783322629.052065849 -5.805753 -3.394595 0.090866 0.001945 0.022961 0.269351 0.962766
1783322629.152067900 -5.860867 -3.444981 0.091630 0.002032 0.023381 0.270842 0.962338
1783322629.252048492 -5.914813 -3.495242 0.092107 0.002151 0.023469 0.272092 0.961983
1783322629.352039576 -5.968799 -3.544084 0.092252 0.001243 0.022863 0.273539 0.961588
1783322629.452028513 -6.021182 -3.592629 0.092794 0.001314 0.022780 0.274632 0.961279
1783322629.551989079 -6.072681 -3.640256 0.093513 0.000820 0.023016 0.275851 0.960925
1783322629.651964188 -6.123024 -3.687270 0.094189 0.000603 0.023273 0.277165 0.960540
1783322629.751953840 -6.172713 -3.733701 0.094883 0.000420 0.022900 0.278456 0.960176
1783322629.851914167 -6.221807 -3.779290 0.095441 -0.000036 0.022804 0.279593 0.959848
1783322629.951891899 -6.269599 -3.824753 0.095880 0.000320 0.023039 0.280799 0.959490
1783322630.051893950 -6.315590 -3.869224 0.096314 0.000338 0.022475 0.282094 0.959123
1783322630.151888847 -6.359819 -3.912229 0.096513 0.000790 0.022444 0.283123 0.958821
1783322630.251935720 -6.403230 -3.953810 0.096680 0.000907 0.022205 0.284238 0.958496
1783322630.351936102 -6.444578 -3.993660 0.097069 0.001039 0.022411 0.285005 0.958263
1783322630.451997042 -6.484680 -4.032518 0.097377 0.001283 0.022199 0.286082 0.957947
1783322630.552027225 -6.524386 -4.070569 0.097753 0.001509 0.021781 0.286973 0.957690
1783322630.652036905 -6.563640 -4.108744 0.097899 0.001890 0.022334 0.287846 0.957414
1783322630.752067566 -6.603471 -4.146132 0.097897 0.001855 0.021824 0.289185 0.957023
1783322630.852098465 -6.641738 -4.183236 0.097728 0.002452 0.022571 0.289836 0.956807
1783322630.952050209 -6.679449 -4.220116 0.097444 0.002118 0.022349 0.290626 0.956573
1783322631.052041054 -6.716838 -4.257177 0.097034 0.002518 0.022319 0.291906 0.956183
1783322631.152014494 -6.754147 -4.293917 0.096240 0.002326 0.022770 0.292192 0.956086
1783322631.251989365 -6.791872 -4.331014 0.095426 0.002542 0.022785 0.292770 0.955908
1783322631.351972818 -6.830648 -4.367549 0.095411 0.002165 0.022553 0.293518 0.955685
1783322631.451973200 -6.869122 -4.404535 0.095428 0.002161 0.022921 0.293785 0.955594
1783322631.551961899 -6.908008 -4.442294 0.096356 0.001845 0.023121 0.294419 0.955395
1783322631.651934385 -6.947914 -4.481047 0.095837 0.002245 0.023143 0.295250 0.955137
1783322631.751933575 -6.987644 -4.520567 0.096548 0.002213 0.023559 0.295668 0.954998
1783322631.851912498 -7.027120 -4.560000 0.100924 0.002134 0.023714 0.296018 0.954886
1783322631.951908588 -7.066701 -4.598795 0.100849 0.002241 0.023359 0.296693 0.954685
1783322632.051904678 -7.105509 -4.637099 0.101066 0.002347 0.022900 0.296889 0.954634
1783322632.151900768 -7.144030 -4.675409 0.101401 0.002350 0.023003 0.297434 0.954462
1783322632.251918554 -7.182742 -4.713081 0.101858 0.001873 0.023379 0.298003 0.954277
1783322632.351930618 -7.220961 -4.750900 0.102198 0.002121 0.023392 0.298250 0.954199
1783322632.452091455 -7.259368 -4.788891 0.102240 0.002256 0.023379 0.298705 0.954056
1783322632.551943779 -7.297810 -4.827111 0.102242 0.002420 0.023158 0.299058 0.953951
1783322632.651948214 -7.336182 -4.865678 0.102324 0.002307 0.023188 0.299397 0.953844
1783322632.751959324 -7.374489 -4.904793 0.102261 0.002434 0.023236 0.299758 0.953729
1783322632.852034807 -7.412745 -4.943536 0.102354 0.002132 0.023419 0.300250 0.953570
1783322632.952046871 -7.450786 -4.981824 0.102431 0.002190 0.023095 0.300646 0.953454
1783322633.052000523 -7.488970 -5.019883 0.102576 0.002156 0.023074 0.300957 0.953356
1783322633.152049780 -7.527064 -5.057415 0.102711 0.002113 0.022792 0.300727 0.953436
1783322633.252221346 -7.565171 -5.094465 0.103014 0.001582 0.022960 0.300486 0.953508
1783322633.352056503 -7.603661 -5.132387 0.103252 0.001391 0.023391 0.300520 0.953488
1783322633.452050686 -7.642776 -5.171019 0.103625 0.001133 0.023500 0.300401 0.953523
1783322633.552005291 -7.681736 -5.209866 0.103734 0.000878 0.022844 0.300083 0.953639
1783322633.651975155 -7.720783 -5.248231 0.103902 0.000846 0.022607 0.299860 0.953715
1783322633.751974106 -7.759283 -5.285913 0.104141 0.000202 0.023007 0.299564 0.953799
1783322633.851983309 -7.797399 -5.323374 0.104538 0.000115 0.023870 0.299229 0.953883
1783322633.951969862 -7.835653 -5.361437 0.104709 0.000104 0.023970 0.298853 0.953998
1783322634.052342176 -7.874580 -5.399656 0.105198 0.001303 0.022173 0.297799 0.954370
1783322634.152033329 -7.912986 -5.436230 0.105658 -0.000378 0.023026 0.297299 0.954507
1783322634.252932310 -7.952188 -5.473408 0.105696 -0.000084 0.023102 0.295628 0.955024
1783322634.352153778 -7.990499 -5.510401 0.105827 -0.000447 0.023172 0.293862 0.955567
1783322634.453191757 -8.029277 -5.548064 0.106678 -0.001263 0.023280 0.291927 0.956156
1783322634.552137136 -8.067705 -5.585129 0.107382 -0.000475 0.022807 0.289448 0.956922
1783322634.652136803 -8.106383 -5.621298 0.108023 -0.001008 0.022939 0.286717 0.957740
1783322634.752141714 -8.145118 -5.655651 0.108081 -0.000815 0.022204 0.282901 0.958892
1783322634.852133036 -8.183040 -5.688877 0.108293 -0.001139 0.022480 0.278871 0.960065
1783322634.952413559 -8.220885 -5.721623 0.108172 -0.001404 0.023819 0.273759 0.961502
1783322635.052123547 -8.258979 -5.754106 0.107855 -0.001221 0.022895 0.268357 0.963047
1783322635.152056694 -8.296933 -5.787607 0.107794 -0.000998 0.023150 0.262446 0.964668
1783322635.252426624 -8.336575 -5.820260 0.107587 -0.001227 0.024244 0.255730 0.966443
1783322635.352026939 -8.377697 -5.853345 0.107603 -0.000826 0.023982 0.248523 0.968329
1783322635.451954126 -8.420464 -5.885563 0.108657 -0.001085 0.022822 0.241690 0.970085
1783322635.552314758 -8.462694 -5.917006 0.109881 -0.000881 0.022219 0.234452 0.971873
1783322635.656396389 -8.505108 -5.947667 0.111185 -0.001222 0.022757 0.226324 0.973785
1783322635.752582788 -8.544367 -5.974372 0.112664 -0.000678 0.021441 0.218722 0.975551
1783322635.852129936 -8.583635 -6.000362 0.113636 -0.000545 0.021109 0.210016 0.977470
1783322635.952101469 -8.623392 -6.024719 0.113987 0.000280 0.019943 0.200835 0.979422
1783322636.052931786 -8.662629 -6.045728 0.119611 -0.000595 0.020246 0.190373 0.981503
1783322636.152642727 -8.702258 -6.064953 0.120432 0.000088 0.020222 0.178503 0.983732
1783322636.254616737 -8.744129 -6.082582 0.121453 -0.000022 0.020005 0.165269 0.986046
1783322636.352862120 -8.785403 -6.097843 0.122522 0.000409 0.019455 0.152194 0.988159
1783322636.453199863 -8.827713 -6.111020 0.123377 0.000541 0.020113 0.138797 0.990116
1783322636.552307129 -8.868917 -6.122127 0.123979 0.000403 0.020463 0.125324 0.991905
1783322636.652147770 -8.910133 -6.132373 0.123963 0.001299 0.020552 0.112994 0.993382
1783322636.752370119 -8.951871 -6.141384 0.123880 0.001817 0.020392 0.101732 0.994601
1783322636.851943731 -8.994295 -6.149369 0.123714 0.002068 0.020768 0.091112 0.995622
1783322636.951866865 -9.038006 -6.156704 0.123813 0.002301 0.021303 0.080864 0.996495
1783322637.051795006 -9.084614 -6.163115 0.124115 0.002443 0.021179 0.071725 0.997197
1783322637.151869774 -9.133918 -6.169111 0.124377 0.002624 0.021620 0.063659 0.997734
1783322637.251766205 -9.185357 -6.174332 0.124953 0.002958 0.021966 0.055868 0.998192
1783322637.351897240 -9.238851 -6.178754 0.125402 0.003068 0.021533 0.048813 0.998571
1783322637.451982975 -9.292655 -6.183167 0.126153 0.003768 0.021839 0.042345 0.998857
1783322637.552052975 -9.346608 -6.186726 0.127100 0.003647 0.021812 0.036071 0.999104
1783322637.652138948 -9.401152 -6.189754 0.128212 0.003764 0.021550 0.029901 0.999313
1783322637.752221346 -9.456142 -6.192220 0.129333 0.003994 0.021577 0.023605 0.999481
1783322637.852351427 -9.512209 -6.193378 0.130629 0.003864 0.022237 0.017183 0.999598
1783322637.952310324 -9.569717 -6.193934 0.131706 0.004382 0.022317 0.011318 0.999677
1783322638.052314758 -9.628257 -6.194280 0.133150 0.004403 0.022523 0.005801 0.999720
1783322638.152202845 -9.687150 -6.193814 0.134555 0.004378 0.022601 0.001703 0.999734
1783322638.252081871 -9.745818 -6.193041 0.135679 0.004951 0.022639 -0.000471 0.999731
1783322638.351998329 -9.805366 -6.191893 0.136737 0.005098 0.022779 -0.001221 0.999727
1783322638.451916933 -9.867173 -6.190364 0.137670 0.005005 0.022964 -0.001561 0.999723
1783322638.552366018 -9.931475 -6.189165 0.138648 0.005592 0.023576 -0.001890 0.999705
1783322638.653144360 -9.997658 -6.188028 0.140104 0.005781 0.023553 -0.001870 0.999704
1783322638.752387762 -10.064059 -6.186688 0.141275 0.005471 0.023561 -0.001998 0.999705
1783322638.851985455 -10.131773 -6.185670 0.142264 0.005593 0.023191 -0.001964 0.999713
1783322638.952040911 -10.200261 -6.184102 0.143278 0.005113 0.022847 -0.002022 0.999724
1783322639.052083969 -10.267381 -6.182986 0.144560 0.005633 0.022570 -0.002295 0.999727
1783322639.152117968 -10.333419 -6.181799 0.145690 0.005600 0.023017 -0.001880 0.999718
1783322639.252161264 -10.398787 -6.180772 0.146561 0.005344 0.022914 -0.002069 0.999721
1783322639.352148294 -10.464099 -6.179841 0.147089 0.005134 0.022691 -0.002238 0.999727
1783322639.452122927 -10.529584 -6.178646 0.147541 0.004934 0.023189 -0.002466 0.999716
1783322639.552107334 -10.596272 -6.178347 0.148113 0.004916 0.022969 -0.002734 0.999720
1783322639.652098179 -10.663938 -6.177928 0.148568 0.004190 0.022751 -0.002726 0.999729
1783322639.753035545 -10.732483 -6.177920 0.149861 0.004496 0.022478 -0.002972 0.999733
1783322639.852070570 -10.799475 -6.177610 0.151775 0.004415 0.022891 -0.003065 0.999724
1783322639.952319384 -10.867512 -6.177127 0.154437 0.004011 0.023109 -0.003123 0.999720
1783322640.052001476 -10.936375 -6.177292 0.155689 0.004218 0.023052 -0.003458 0.999719
1783322640.152089596 -11.006141 -6.177335 0.158141 0.004460 0.023379 -0.003755 0.999710
1783322640.252083063 -11.076059 -6.176662 0.164054 0.004341 0.023815 -0.004335 0.999698
1783322640.352311373 -11.146085 -6.175369 0.165433 0.004203 0.023533 -0.004900 0.999702
1783322640.452152491 -11.214906 -6.174381 0.166709 0.004291 0.023827 -0.005329 0.999693
1783322640.552211523 -11.282494 -6.173435 0.168100 0.004382 0.024233 -0.005713 0.999680
1783322640.652111769 -11.348439 -6.172627 0.169425 0.004778 0.023841 -0.006144 0.999685
1783322640.752096653 -11.412709 -6.171480 0.170562 0.004662 0.024146 -0.006774 0.999675
1783322640.852085590 -11.476545 -6.170137 0.171666 0.004715 0.024801 -0.006883 0.999658
1783322640.952198982 -11.540097 -6.169268 0.173316 0.004863 0.024390 -0.007777 0.999660
1783322641.051957607 -11.603846 -6.168235 0.174827 0.004531 0.024313 -0.008248 0.999660
1783322641.154745579 -11.669679 -6.167440 0.176321 0.004695 0.024558 -0.008815 0.999649
1783322641.251928806 -11.732198 -6.166430 0.177577 0.004834 0.024880 -0.009383 0.999635
1783322641.351855993 -11.795829 -6.164876 0.178748 0.004855 0.024863 -0.010023 0.999629
1783322641.451955318 -11.858185 -6.163484 0.179942 0.005086 0.024264 -0.010421 0.999638
1783322641.552356720 -11.919060 -6.162125 0.180817 0.005463 0.024320 -0.010486 0.999634
1783322641.651938200 -11.978985 -6.160487 0.181329 0.005565 0.023641 -0.010834 0.999646
1783322641.751981258 -12.039378 -6.158386 0.181710 0.005385 0.023473 -0.011390 0.999645
1783322641.852113008 -12.100245 -6.156154 0.182471 0.005132 0.023278 -0.012233 0.999641
1783322641.952014923 -12.161473 -6.154073 0.183561 0.005161 0.022681 -0.012980 0.999645
1783322642.052042007 -12.223331 -6.152195 0.184774 0.005475 0.022144 -0.013945 0.999643
1783322642.152009964 -12.285894 -6.149895 0.185868 0.005173 0.021825 -0.014675 0.999641
1783322642.252021313 -12.348694 -6.146675 0.186643 0.004930 0.022041 -0.015402 0.999626
1783322642.352020741 -12.410993 -6.143408 0.187708 0.005145 0.021584 -0.016094 0.999624
1783322642.452696323 -12.473682 -6.140449 0.188790 0.004985 0.021346 -0.017004 0.999615
1783322642.551991940 -12.535764 -6.137922 0.189888 0.005423 0.021328 -0.018103 0.999594
1783322642.652087688 -12.599172 -6.135516 0.191259 0.005507 0.021354 -0.018959 0.999577
1783322642.752045870 -12.663143 -6.132699 0.193030 0.004925 0.022022 -0.020382 0.999538
1783322642.852014065 -12.728041 -6.129875 0.194803 0.005425 0.022589 -0.021638 0.999496
1783322642.951985359 -12.794801 -6.126668 0.196515 0.005402 0.022805 -0.023006 0.999461
1783322643.051944971 -12.862106 -6.123218 0.197859 0.005690 0.023166 -0.024140 0.999424
1783322643.151920795 -12.929057 -6.119382 0.199342 0.005591 0.024116 -0.025192 0.999376
1783322643.251941442 -12.996102 -6.114902 0.200999 0.005482 0.024002 -0.026611 0.999343
1783322643.351949692 -13.063835 -6.110393 0.202393 0.005371 0.024373 -0.028353 0.999286
1783322643.452022791 -13.131895 -6.106196 0.203630 0.005712 0.024907 -0.030468 0.999209
1783322643.552007437 -13.200641 -6.101641 0.204603 0.005935 0.025034 -0.032988 0.999125
1783322643.652020454 -13.269316 -6.096376 0.205553 0.006101 0.024847 -0.035985 0.999025
1783322643.752072334 -13.337134 -6.089909 0.206226 0.006106 0.024479 -0.039044 0.998919
1783322643.852088928 -13.403436 -6.082992 0.207225 0.005678 0.024445 -0.042529 0.998780
1783322643.952106237 -13.468481 -6.076509 0.208055 0.006558 0.024409 -0.046436 0.998601
1783322644.052140474 -13.532097 -6.068903 0.209348 0.006434 0.023296 -0.050844 0.998414
1783322644.152114391 -13.593288 -6.060687 0.211081 0.006947 0.023529 -0.055778 0.998142
1783322644.252148867 -13.652386 -6.051597 0.213139 0.007005 0.023290 -0.061576 0.997806
1783322644.352142096 -13.710021 -6.040910 0.214737 0.006704 0.022631 -0.069230 0.997321
1783322644.452184677 -13.767443 -6.028950 0.215318 0.007084 0.022138 -0.078400 0.996651
1783322644.552227736 -13.825393 -6.014920 0.216003 0.007663 0.021704 -0.088805 0.995783
1783322644.652182817 -13.881864 -5.998481 0.217019 0.007331 0.022163 -0.100722 0.994641
1783322644.752089024 -13.937310 -5.980577 0.217954 0.007393 0.022286 -0.113287 0.993285
1783322644.852032185 -13.992873 -5.961535 0.217924 0.007972 0.022339 -0.125122 0.991858
1783322644.951910496 -14.048028 -5.941194 0.217938 0.007987 0.023528 -0.137336 0.990213
1783322645.051808596 -14.103163 -5.920151 0.218848 0.008147 0.022145 -0.149151 0.988533
1783322645.151704788 -14.158472 -5.897367 0.219925 0.008142 0.021495 -0.160626 0.986748
1783322645.251620293 -14.213225 -5.873217 0.221007 0.008576 0.022070 -0.172666 0.984696
1783322645.351606607 -14.268659 -5.846955 0.221819 0.008729 0.022439 -0.183956 0.982640
1783322645.451613903 -14.324232 -5.818997 0.222681 0.009201 0.022363 -0.195747 0.980356
1783322645.551655054 -14.378897 -5.790029 0.222799 0.009297 0.021855 -0.206969 0.978059
1783322645.651734114 -14.432962 -5.760028 0.224323 0.010567 0.020919 -0.217627 0.975751
1783322645.751790285 -14.485263 -5.728664 0.224863 0.010459 0.021042 -0.228480 0.973265
1783322645.851897240 -14.537299 -5.696213 0.225314 0.011308 0.020297 -0.238501 0.970864
1783322645.951962709 -14.588199 -5.662686 0.225915 0.011775 0.021002 -0.248610 0.968304
1783322646.051952362 -14.638556 -5.627652 0.226731 0.011807 0.019646 -0.258247 0.965807
1783322646.152425289 -14.688901 -5.592180 0.227620 0.012990 0.019441 -0.266994 0.963415
1783322646.251951933 -14.737703 -5.555837 0.228963 0.013202 0.020329 -0.275359 0.961036
1783322646.351978302 -14.786109 -5.519343 0.230705 0.013434 0.020290 -0.282697 0.958900
1783322646.451816320 -14.833143 -5.482539 0.233016 0.013300 0.019537 -0.289878 0.956772
1783322646.551745415 -14.879396 -5.445031 0.235909 0.012754 0.019400 -0.295814 0.954963
1783322646.651702166 -14.925947 -5.408668 0.238580 0.014112 0.020299 -0.300796 0.953368
1783322646.751650810 -14.974169 -5.370758 0.239982 0.013996 0.019157 -0.304322 0.952274
1783322646.851620674 -15.022336 -5.330985 0.241085 0.013784 0.019491 -0.306538 0.951559
1783322646.951575041 -15.070537 -5.289649 0.243524 0.013478 0.019728 -0.308128 0.951045
1783322647.051524162 -15.120457 -5.247976 0.245553 0.012075 0.018245 -0.306324 0.951676
1783322647.151645899 -15.171672 -5.207246 0.246127 0.013887 0.019232 -0.304790 0.952124
1783322647.251807213 -15.222486 -5.166328 0.246892 0.014220 0.020183 -0.305665 0.951819
1783322647.352306128 -15.273966 -5.125281 0.247858 0.014218 0.021044 -0.306634 0.951489
1783322647.452049017 -15.325214 -5.084304 0.248886 0.014251 0.020733 -0.308031 0.951044
1783322647.552127600 -15.377400 -5.042380 0.250300 0.013262 0.019856 -0.309108 0.950727
1783322647.652110338 -15.429821 -5.001430 0.251645 0.013550 0.020742 -0.309781 0.950485
1783322647.752125025 -15.482722 -4.960416 0.253366 0.013893 0.021267 -0.309865 0.950441
1783322647.852113008 -15.535467 -4.919045 0.255291 0.014554 0.021630 -0.310002 0.950378
1783322647.952018738 -15.587408 -4.877030 0.257081 0.014554 0.020969 -0.310264 0.950308
1783322648.051922798 -15.640571 -4.836282 0.258103 0.013888 0.021529 -0.309471 0.950564
1783322648.151871681 -15.692717 -4.796732 0.259195 0.013725 0.021593 -0.307693 0.951142
1783322648.251842022 -15.745260 -4.757763 0.259884 0.013931 0.020876 -0.306486 0.951544
1783322648.351873636 -15.797682 -4.718743 0.260970 0.014447 0.020326 -0.305247 0.951947
1783322648.451797247 -15.850795 -4.679323 0.261995 0.013914 0.019319 -0.303731 0.952460
1783322648.551787376 -15.903992 -4.640528 0.263133 0.014142 0.020429 -0.302163 0.952932
1783322648.651904106 -15.957803 -4.602013 0.264651 0.014618 0.020531 -0.300572 0.953426
1783322648.751875162 -16.011877 -4.564034 0.266006 0.015088 0.019964 -0.299590 0.953740
1783322648.851873159 -16.064893 -4.526140 0.267414 0.015052 0.019719 -0.299457 0.953787
1783322648.951938629 -16.116293 -4.488524 0.268663 0.014913 0.020495 -0.300357 0.953490
1783322649.051995993 -16.167637 -4.451654 0.269734 0.014829 0.019645 -0.302073 0.952967
1783322649.152113676 -16.217887 -4.415545 0.270681 0.014587 0.019273 -0.304633 0.952163
1783322649.252079248 -16.267698 -4.380264 0.271646 0.014826 0.019354 -0.308403 0.950943
1783322649.352108717 -16.316782 -4.344774 0.272743 0.015182 0.019065 -0.313908 0.949141
1783322649.452138901 -16.365222 -4.308921 0.273729 0.014964 0.019485 -0.320884 0.946800
1783322649.552135706 -16.413414 -4.273252 0.274560 0.015475 0.018797 -0.329121 0.943974
1783322649.652167797 -16.459800 -4.237261 0.275343 0.015456 0.018591 -0.338513 0.940651
1783322649.752079487 -16.504119 -4.202167 0.276369 0.016030 0.018617 -0.348604 0.936948
1783322649.852016926 -16.546619 -4.167178 0.277510 0.016204 0.018544 -0.359294 0.932899
1783322649.951945543 -16.587298 -4.133052 0.278600 0.016413 0.018170 -0.370393 0.928552
1783322650.051910639 -16.627042 -4.099910 0.279684 0.016823 0.018982 -0.382166 0.923745
1783322650.151827574 -16.666340 -4.067649 0.280674 0.016617 0.018005 -0.394274 0.918666
1783322650.251734734 -16.705172 -4.037390 0.281991 0.015491 0.019444 -0.405349 0.913824
1783322650.351686954 -16.745050 -4.008607 0.282426 0.016184 0.019891 -0.415236 0.909352
1783322650.451617002 -16.784266 -3.981403 0.283176 0.016398 0.019983 -0.424449 0.905083
1783322650.551606178 -16.822223 -3.956413 0.283871 0.016039 0.020079 -0.433169 0.900946
1783322650.651623011 -16.859340 -3.934237 0.283833 0.015878 0.019842 -0.441008 0.897143
1783322650.751806736 -16.895064 -3.914581 0.284213 0.015768 0.021441 -0.447660 0.893807
1783322650.851728201 -16.930502 -3.896567 0.284249 0.016364 0.020500 -0.453589 0.890825
1783322650.951803684 -16.966503 -3.879196 0.284407 0.015516 0.019819 -0.459499 0.887822
1783322651.051981211 -17.001327 -3.862280 0.284414 0.015401 0.019934 -0.466551 0.884135
1783322651.152234077 -17.035484 -3.845857 0.285389 0.015758 0.018631 -0.475491 0.879382
1783322651.252418756 -17.067245 -3.831079 0.286094 0.015782 0.019160 -0.486895 0.873108
1783322651.352584600 -17.096647 -3.817465 0.287367 0.015260 0.018692 -0.499979 0.865701
1783322651.452703476 -17.124148 -3.804677 0.288364 0.016158 0.017270 -0.514390 0.857230
1783322651.552615166 -17.147990 -3.790782 0.289070 0.013328 0.016402 -0.528994 0.848363
1783322651.652487755 -17.169728 -3.779671 0.290762 0.013868 0.014828 -0.543971 0.838858
1783322651.752605438 -17.188297 -3.770648 0.292015 0.013555 0.014281 -0.558916 0.828990
1783322651.852381706 -17.203091 -3.763462 0.292221 0.013751 0.014511 -0.575524 0.817540
1783322651.952581644 -17.216356 -3.758569 0.292453 0.014233 0.014005 -0.593167 0.804832
1783322652.052297354 -17.228904 -3.755610 0.292650 0.014557 0.013610 -0.611286 0.791159
1783322652.152212858 -17.240890 -3.752280 0.292750 0.014949 0.014518 -0.629440 0.776770
1783322652.252149582 -17.252511 -3.746753 0.293269 0.015097 0.013873 -0.646881 0.762315
1783322652.352061033 -17.264758 -3.739756 0.293856 0.015607 0.013435 -0.663010 0.748327
1783322652.451958895 -17.275773 -3.732945 0.294385 0.016146 0.014359 -0.678048 0.734700
1783322652.551885128 -17.286392 -3.727150 0.295138 0.016644 0.015237 -0.691536 0.721989
1783322652.651643515 -17.296404 -3.721579 0.295428 0.017578 0.015230 -0.702545 0.711259
1783322652.751372814 -17.305470 -3.714967 0.295742 0.017268 0.015948 -0.709029 0.704788
1783322652.851199389 -17.309919 -3.709028 0.295801 0.017901 0.016034 -0.712141 0.701625
1783322652.951040745 -17.311289 -3.706453 0.295959 0.018443 0.017031 -0.712935 0.700781
1783322653.051161528 -17.311106 -3.704533 0.296139 0.018688 0.017120 -0.711932 0.701791
1783322653.151384354 -17.309784 -3.701980 0.296311 0.018240 0.017113 -0.710860 0.702889
1783322653.251597881 -17.308579 -3.700798 0.296467 0.018007 0.016997 -0.709953 0.703814
1783322653.352451801 -17.307728 -3.701627 0.296689 0.017889 0.016779 -0.709730 0.704046
1783322653.452330828 -17.307434 -3.702436 0.296749 0.017686 0.016412 -0.710010 0.703778
1783322653.552643299 -17.307192 -3.703532 0.296693 0.017489 0.015991 -0.710707 0.703088
1783322653.652883530 -17.306725 -3.704640 0.296436 0.017127 0.015420 -0.711826 0.701977
1783322653.753254890 -17.306740 -3.705244 0.296142 0.017024 0.014949 -0.714802 0.698960
1783322653.853162289 -17.308487 -3.703830 0.295919 0.017258 0.014565 -0.719002 0.694641
1783322653.956861019 -17.310286 -3.697344 0.295226 0.017399 0.013704 -0.725162 0.688222
1783322654.053218603 -17.311804 -3.685416 0.294768 0.016915 0.011743 -0.733729 0.679130
1783322654.153110981 -17.315139 -3.672319 0.295100 0.017027 0.011051 -0.742552 0.669481
1783322654.252935648 -17.318609 -3.659964 0.295473 0.017458 0.011482 -0.752222 0.658578
1783322654.352657318 -17.321884 -3.646208 0.295912 0.017702 0.011203 -0.761820 0.647450
1783322654.452433348 -17.325375 -3.630641 0.296095 0.017868 0.010832 -0.771038 0.636446
1783322654.552204609 -17.328486 -3.613899 0.296272 0.017528 0.010959 -0.780290 0.625076
1783322654.652010918 -17.331194 -3.596621 0.296401 0.017819 0.010390 -0.788755 0.614361
1783322654.751909733 -17.333403 -3.579309 0.296580 0.017912 0.010391 -0.796290 0.604561
1783322654.854664326 -17.334767 -3.561483 0.297018 0.017973 0.010223 -0.803596 0.594815
1783322654.952734709 -17.335752 -3.544243 0.297249 0.017932 0.009643 -0.810728 0.585069
1783322655.051983833 -17.336817 -3.527758 0.297511 0.017927 0.009973 -0.818196 0.574573
1783322655.152113914 -17.338587 -3.511198 0.297752 0.018285 0.009615 -0.824798 0.565050
1783322655.252182484 -17.339476 -3.495229 0.297754 0.018348 0.009233 -0.830818 0.556165
1783322655.352251053 -17.340663 -3.480522 0.297603 0.018199 0.009298 -0.836189 0.548060
1783322655.452653408 -17.342073 -3.467119 0.297453 0.018041 0.009222 -0.840932 0.540762
1783322655.552484989 -17.342723 -3.455753 0.297498 0.018032 0.009281 -0.845575 0.533472
1783322655.652588129 -17.343764 -3.445949 0.297551 0.018220 0.009040 -0.850592 0.525433
1783322655.753834724 -17.345243 -3.436466 0.297663 0.018370 0.009250 -0.855756 0.516970
1783322655.854561090 -17.346149 -3.427033 0.297693 0.018383 0.009519 -0.860871 0.508401
1783322655.952778578 -17.346911 -3.417840 0.297684 0.018147 0.009864 -0.865324 0.500787
1783322656.053107500 -17.347461 -3.410053 0.297664 -0.018224 -0.009998 0.869689 -0.493163
1783322656.156482935 -17.348454 -3.403849 0.297617 -0.018237 -0.009944 0.873582 -0.486234
1783322656.256550550 -17.349289 -3.400146 0.297487 -0.018247 -0.009785 0.876520 -0.480919
1783322656.352343559 -17.349429 -3.399172 0.297554 -0.018130 -0.009789 0.878580 -0.477151
1783322656.452212811 -17.349223 -3.400508 0.297418 -0.017937 -0.009387 0.879902 -0.474725
1783322656.552190781 -17.348132 -3.405284 0.298182 -0.017730 -0.009120 0.880782 -0.473102
1783322656.652729034 -17.347149 -3.413331 0.298158 -0.017449 -0.008462 0.881877 -0.471080
1783322656.752650738 -17.346586 -3.426309 0.298458 -0.017100 -0.007821 0.885229 -0.464776
1783322656.854329109 -17.347601 -3.444159 0.300566 -0.017135 -0.007299 0.890336 -0.454923
1783322656.953517914 -17.350230 -3.464312 0.300714 -0.017198 -0.006642 0.896123 -0.443423
1783322657.053572416 -17.352956 -3.486682 0.300537 -0.017222 -0.005903 0.902173 -0.430991
1783322657.154789448 -17.354832 -3.510391 0.300080 -0.017149 -0.004845 0.908662 -0.417152
1783322657.253446102 -17.356704 -3.535247 0.299985 -0.017178 -0.004797 0.915478 -0.401973
1783322657.353334665 -17.357162 -3.560877 0.299749 -0.017160 -0.003179 0.922353 -0.385954
1783322657.453155756 -17.354350 -3.589149 0.300389 -0.017852 -0.003101 0.929255 -0.368994
1783322657.553081989 -17.349006 -3.616929 0.300485 -0.018246 -0.000785 0.936034 -0.351435
1783322657.653300524 -17.341202 -3.649284 0.300397 -0.018181 -0.000370 0.943392 -0.331182
1783322657.752973795 -17.333336 -3.684918 0.300079 -0.018188 0.000236 0.950802 -0.309266
1783322657.853174686 -17.325440 -3.723253 0.299794 -0.018475 0.001255 0.958272 -0.285257
1783322657.952959061 -17.318535 -3.763021 0.299139 -0.018420 0.001759 0.965374 -0.260214
1783322658.052831650 -17.313101 -3.803601 0.298305 -0.018094 0.002053 0.971763 -0.235256
1783322658.152794838 -17.309142 -3.844820 0.297207 -0.017793 0.002288 0.977107 -0.211989
1783322658.252622604 -17.305913 -3.887065 0.295628 -0.017841 0.002194 0.981640 -0.189895
1783322658.352515697 -17.303354 -3.930491 0.294060 -0.017964 0.001717 0.985616 -0.168032
1783322658.452395678 -17.302027 -3.974229 0.292430 -0.017166 0.001955 0.988999 -0.146907
1783322658.552150488 -17.301992 -4.017078 0.290403 -0.016841 0.002054 0.991626 -0.128023
1783322658.651997805 -17.304143 -4.060739 0.292359 -0.017189 -0.001284 0.993060 -0.116338
1783322658.752053976 -17.305463 -4.099554 0.293401 -0.017335 0.001164 0.994481 -0.103467
1783322658.851972103 -17.306121 -4.138579 0.294059 -0.017334 0.001347 0.995544 -0.092682
1783322658.952079535 -17.306559 -4.176379 0.294348 -0.017019 0.001532 0.996322 -0.083969
1783322659.052215576 -17.306643 -4.214553 0.295065 -0.017201 0.001448 0.996986 -0.075631
1783322659.152469158 -17.307412 -4.252653 0.295496 -0.017045 0.001284 0.997535 -0.068053
1783322659.252660990 -17.309017 -4.290659 0.295897 -0.017035 0.002326 0.998047 -0.060049
1783322659.352855206 -17.311212 -4.328657 0.296222 -0.016983 0.001758 0.998479 -0.052418
1783322659.452968359 -17.313387 -4.365216 0.296211 -0.016759 0.001883 0.998846 -0.044970
1783322659.553010941 -17.315792 -4.398791 0.296049 -0.016187 0.002158 0.999139 -0.038149
1783322659.652983189 -17.318881 -4.429115 0.295734 -0.016495 0.001200 0.999337 -0.032442
1783322659.752895117 -17.320902 -4.455897 0.295262 -0.016424 0.001696 0.999490 -0.027333
1783322659.852823496 -17.321142 -4.478320 0.294901 -0.016650 0.001360 0.999573 -0.023993
1783322659.952906847 -17.319137 -4.495448 0.294607 -0.016681 0.000574 0.999663 -0.019878
1783322660.052961111 -17.314688 -4.504417 0.294381 -0.016586 0.000583 0.999761 -0.014217
1783322660.152669430 -17.309703 -4.505459 0.294223 -0.016264 0.000237 0.999818 -0.009965
1783322660.252652884 -17.305107 -4.500743 0.293935 -0.016015 0.000339 0.999809 -0.011231
1783322660.352562189 -17.302326 -4.496120 0.293722 -0.015986 0.000357 0.999773 -0.014096
1783322660.452619791 -17.302124 -4.494464 0.293413 -0.016181 0.000186 0.999767 -0.014256
1783322660.553385019 -17.301613 -4.492987 0.293074 -0.016219 0.000206 0.999771 -0.013953
1783322660.652935266 -17.300147 -4.491989 0.292776 -0.015974 0.000390 0.999774 -0.013990
1783322660.752943277 -17.301185 -4.493226 0.292465 -0.016102 0.000455 0.999795 -0.012297
1783322660.853901148 -17.302168 -4.492793 0.292370 -0.016275 0.000726 0.999789 -0.012533
1783322660.953037500 -17.302224 -4.492357 0.292262 -0.016137 0.000881 0.999791 -0.012525
1783322661.053124905 -17.302807 -4.492655 0.292104 -0.016319 0.001065 0.999781 -0.013042
1783322661.153068542 -17.302814 -4.493023 0.291893 -0.016367 0.001286 0.999779 -0.013162
1783322661.253077507 -17.303667 -4.493124 0.292697 -0.016331 0.001308 0.999776 -0.013380
1783322661.353057861 -17.304001 -4.493158 0.292740 -0.016322 0.001446 0.999776 -0.013397
1783322661.453045845 -17.304097 -4.493150 0.292770 -0.016434 0.001512 0.999772 -0.013548
1783322661.553136110 -17.304024 -4.493537 0.292822 -0.016444 0.001565 0.999771 -0.013621
1783322661.653073549 -17.303943 -4.493756 0.292908 -0.016511 0.001659 0.999768 -0.013704
1783322661.753107548 -17.303237 -4.494297 0.292949 -0.016454 0.001680 0.999767 -0.013847
1783322661.853171349 -17.302698 -4.494602 0.293058 -0.016440 0.001704 0.999768 -0.013837
1783322661.953167677 -17.302403 -4.494921 0.293067 -0.016476 0.001747 0.999766 -0.013896
1783322662.053225517 -17.302402 -4.495130 0.293129 -0.016467 0.001766 0.999766 -0.013915
1783322662.153276682 -17.302509 -4.494978 0.293173 -0.016399 0.001795 0.999767 -0.013888
1783322662.253311396 -17.302547 -4.494699 0.293120 -0.016419 0.001813 0.999766 -0.013944
1783322662.353335857 -17.302436 -4.494354 0.293086 -0.016366 0.001810 0.999766 -0.013994
1783322662.453317881 -17.302300 -4.494182 0.293129 -0.016317 0.001827 0.999768 -0.013972
1783322662.553291559 -17.302042 -4.494292 0.293145 -0.016312 0.001823 0.999767 -0.014004
1783322662.653286695 -17.301894 -4.494563 0.293132 -0.016256 0.001807 0.999768 -0.013997
1783322662.753243446 -17.301842 -4.494831 0.293107 -0.016221 0.001796 0.999769 -0.014004
1783322662.853278637 -17.301835 -4.495026 0.293079 -0.016172 0.001795 0.999770 -0.013997
1783322662.953204155 -17.301980 -4.495051 0.293092 -0.016167 0.001800 0.999770 -0.013978
1783322663.053188562 -17.302143 -4.494809 0.293086 -0.016165 0.001793 0.999770 -0.013971
1783322663.153213739 -17.302252 -4.494456 0.293111 -0.016190 0.001769 0.999770 -0.013924
1783322663.253182888 -17.301984 -4.494179 0.293137 -0.016196 0.001762 0.999770 -0.013944
1783322663.353238821 -17.301803 -4.494198 0.293179 -0.016214 0.001783 0.999770 -0.013943
1783322663.453332901 -17.301675 -4.494690 0.293111 -0.016186 0.001784 0.999771 -0.013881
1783322663.553369284 -17.301717 -4.495116 0.293018 -0.016248 0.001784 0.999771 -0.013810
1783322663.653392315 -17.301555 -4.495415 0.292825 -0.016284 0.001800 0.999770 -0.013846
1783322663.755108595 -17.301716 -4.495706 0.292454 -0.016486 0.001677 0.999767 -0.013845
1783322663.853438377 -17.301794 -4.495515 0.292165 -0.016379 0.001720 0.999770 -0.013745
1783322663.953539133 -17.302335 -4.495236 0.291762 -0.016446 0.001710 0.999767 -0.013893
1783322664.054433346 -17.302352 -4.495016 0.291248 -0.016461 0.001735 0.999767 -0.013860
1783322664.153490782 -17.302752 -4.494953 0.290835 -0.016577 0.001737 0.999765 -0.013862
1783322664.253378153 -17.302670 -4.494683 0.292386 -0.016346 0.001645 0.999768 -0.013947
1783322664.353369236 -17.302786 -4.495126 0.292451 -0.016392 0.001644 0.999768 -0.013904
1783322664.453508854 -17.302889 -4.495327 0.292497 -0.016427 0.001722 0.999767 -0.013908
1783322664.553354740 -17.302879 -4.495325 0.292437 -0.016385 0.001735 0.999767 -0.013937
1783322664.653558731 -17.303263 -4.494884 0.292468 -0.016417 0.001755 0.999767 -0.013919
1783322664.753623962 -17.303396 -4.494380 0.292547 -0.016340 0.001816 0.999767 -0.013962
1783322664.853351593 -17.303703 -4.494016 0.292647 -0.016321 0.001849 0.999769 -0.013895
1783322664.953684568 -17.303514 -4.493812 0.292749 -0.016264 0.001890 0.999769 -0.013930
1783322665.053253412 -17.303102 -4.493758 0.292993 -0.016239 0.001944 0.999769 -0.013949
1783322665.153239012 -17.302679 -4.493966 0.293084 -0.016166 0.001981 0.999770 -0.013946
1783322665.253277063 -17.302630 -4.494109 0.293203 -0.016188 0.002027 0.999769 -0.013961
1783322665.353288174 -17.302446 -4.494339 0.293187 -0.016122 0.002049 0.999771 -0.013954
1783322665.453420401 -17.302453 -4.494161 0.293215 -0.016101 0.002067 0.999771 -0.013971
1783322665.553401470 -17.302588 -4.493952 0.293211 -0.016081 0.002106 0.999771 -0.013939
1783322665.653344154 -17.302749 -4.493683 0.293209 -0.016060 0.002139 0.999772 -0.013933
1783322665.753343105 -17.302961 -4.493687 0.293157 -0.016067 0.002145 0.999772 -0.013914
1783322665.853379965 -17.303100 -4.493891 0.293100 -0.016055 0.002157 0.999772 -0.013940
1783322665.953327894 -17.303153 -4.494139 0.293092 -0.016025 0.002172 0.999772 -0.013917
1783322666.053759336 -17.303185 -4.494511 0.293069 -0.016023 0.002174 0.999772 -0.013957
1783322666.153273106 -17.303633 -4.494808 0.293042 -0.016016 0.002154 0.999773 -0.013909
1783322666.253261328 -17.304130 -4.495072 0.292938 -0.016010 0.002108 0.999773 -0.013865
1783322666.353241682 -17.304790 -4.495004 0.292890 -0.016005 0.002084 0.999773 -0.013891
1783322666.453341246 -17.305228 -4.494786 0.292903 -0.015996 0.002046 0.999773 -0.013934
1783322666.553227901 -17.305636 -4.494616 0.292906 -0.016009 0.001987 0.999773 -0.013933
1783322666.653190374 -17.305794 -4.494570 0.292920 -0.016035 0.001927 0.999773 -0.013919
1783322666.753231764 -17.305890 -4.494778 0.292921 -0.016032 0.001853 0.999773 -0.013942
1783322666.853237391 -17.305969 -4.494911 0.292892 -0.016068 0.001829 0.999772 -0.013956
1783322666.953263760 -17.306030 -4.495226 0.292881 -0.016093 0.001771 0.999772 -0.013948
1783322667.053475380 -17.306333 -4.495238 0.292903 -0.016135 0.001753 0.999771 -0.013927
1783322667.153354883 -17.306568 -4.495136 0.292946 -0.016176 0.001731 0.999771 -0.013937
1783322667.253360748 -17.306697 -4.494898 0.292991 -0.016244 0.001734 0.999769 -0.013939
1783322667.353341818 -17.306601 -4.494633 0.293068 -0.016279 0.001738 0.999769 -0.013954
1783322667.453464985 -17.306291 -4.494400 0.293122 -0.016259 0.001784 0.999768 -0.013996
1783322667.553390026 -17.305811 -4.494462 0.293204 -0.016281 0.001793 0.999768 -0.013962
1783322667.653394222 -17.305268 -4.494637 0.293232 -0.016319 0.001830 0.999768 -0.013956
1783322667.754049301 -17.304651 -4.494859 0.293115 -0.016331 0.001869 0.999767 -0.013968
1783322667.853370428 -17.304279 -4.494997 0.293004 -0.016400 0.001902 0.999766 -0.013983
1783322667.953357458 -17.304009 -4.494962 0.292832 -0.016409 0.001943 0.999766 -0.013976
1783322668.054541111 -17.304063 -4.494862 0.292608 -0.016460 0.001970 0.999765 -0.013968
1783322668.153359652 -17.303988 -4.494697 0.292342 -0.016511 0.002043 0.999764 -0.013959
1783322668.253319502 -17.303620 -4.494578 0.292077 -0.016584 0.002040 0.999763 -0.013936
1783322668.353297234 -17.303141 -4.494433 0.291700 -0.016612 0.002058 0.999763 -0.013937
1783322668.458226442 -17.302809 -4.494593 0.291253 -0.016625 0.002044 0.999763 -0.013939
1783322668.553253412 -17.302663 -4.494794 0.290737 -0.016671 0.002052 0.999762 -0.013940
1783322668.653267145 -17.302714 -4.495195 0.290028 -0.016675 0.001998 0.999762 -0.013943
1783322668.753256559 -17.303080 -4.495126 0.289298 -0.016683 0.001981 0.999762 -0.013943
1783322668.853264570 -17.303592 -4.494805 0.288603 -0.016623 0.001927 0.999763 -0.013951
1783322668.953265190 -17.304455 -4.494212 0.287928 -0.016487 0.001848 0.999765 -0.013965
1783322669.053291082 -17.304903 -4.494020 0.287840 -0.016494 0.001826 0.999765 -0.013976
1783322669.153339624 -17.305180 -4.493822 0.287691 -0.016447 0.001832 0.999766 -0.013940
1783322669.253357172 -17.305236 -4.493808 0.287681 -0.016469 0.001828 0.999765 -0.013994
1783322669.353429794 -17.305522 -4.493860 0.287710 -0.016458 0.001818 0.999766 -0.013935
1783322669.453354597 -17.305761 -4.494195 0.287748 -0.016410 0.001789 0.999766 -0.013964
1783322669.553369761 -17.304124 -4.495081 0.292542 -0.016420 0.001796 0.999766 -0.013937
1783322669.653348923 -17.304656 -4.495105 0.292546 -0.016386 0.001797 0.999767 -0.013956
1783322669.753335953 -17.305150 -4.494942 0.292533 -0.016304 0.001804 0.999768 -0.013939
1783322669.853305101 -17.305665 -4.494790 0.292562 -0.016292 0.001812 0.999768 -0.013956
1783322669.953263521 -17.305819 -4.494585 0.292616 -0.016262 0.001835 0.999768 -0.013985
1783322670.053460598 -17.305531 -4.494555 0.292847 -0.016265 0.001859 0.999768 -0.013973
1783322670.153198004 -17.304941 -4.494638 0.293043 -0.016284 0.001904 0.999768 -0.013985
1783322670.253181934 -17.304599 -4.494897 0.293195 -0.016312 0.001922 0.999767 -0.013979
1783322670.353190422 -17.304294 -4.495110 0.293351 -0.016296 0.001966 0.999767 -0.013998
1783322670.453195333 -17.304082 -4.495087 0.293495 -0.016323 0.002003 0.999766 -0.014018
1783322670.553217173 -17.304067 -4.494846 0.293567 -0.016348 0.002021 0.999766 -0.014013
1783322670.653221607 -17.304089 -4.494473 0.293721 -0.016319 0.002027 0.999766 -0.014020
1783322670.753207207 -17.304130 -4.494192 0.293798 -0.016306 0.002012 0.999767 -0.014007
1783322670.853269577 -17.304117 -4.494096 0.293812 -0.016264 0.002012 0.999768 -0.014001
1783322670.953278303 -17.303952 -4.494071 0.293893 -0.016222 0.002021 0.999768 -0.014006
1783322671.053321123 -17.303625 -4.494163 0.293946 -0.016198 0.002010 0.999769 -0.014012
1783322671.153338432 -17.303525 -4.494331 0.293901 -0.016183 0.001988 0.999769 -0.014011
1783322671.253369331 -17.303502 -4.494394 0.293844 -0.016156 0.001963 0.999769 -0.014023
1783322671.353391647 -17.303653 -4.494303 0.293744 -0.016155 0.001936 0.999769 -0.014026
1783322671.453403234 -17.303923 -4.494069 0.293579 -0.016153 0.001915 0.999770 -0.014010
1783322671.553402901 -17.304131 -4.493997 0.293358 -0.016164 0.001883 0.999770 -0.013994
1783322671.653368235 -17.304117 -4.494002 0.293187 -0.016161 0.001857 0.999770 -0.013991
1783322671.753657341 -17.303934 -4.494239 0.293004 -0.016200 0.001832 0.999769 -0.013996
1783322671.853343964 -17.303557 -4.494634 0.292840 -0.016258 0.001823 0.999768 -0.013996
1783322671.953243494 -17.303221 -4.495079 0.292675 -0.016331 0.001821 0.999767 -0.014004
1783322672.053246021 -17.302938 -4.495485 0.292443 -0.016417 0.001824 0.999765 -0.014019
1783322672.153231859 -17.302837 -4.495594 0.292226 -0.016484 0.001853 0.999764 -0.014050
1783322672.253228426 -17.302794 -4.495459 0.291998 -0.016576 0.001885 0.999762 -0.014043
1783322672.353334427 -17.302686 -4.495123 0.291838 -0.016612 0.001915 0.999761 -0.014066
1783322672.453245878 -17.302630 -4.494876 0.291689 -0.016653 0.001955 0.999760 -0.014068
1783322672.553276539 -17.302382 -4.494735 0.291460 -0.016652 0.001976 0.999760 -0.014065
1783322672.653253794 -17.302233 -4.494673 0.291063 -0.016649 0.002015 0.999761 -0.014048
1783322672.753299952 -17.302230 -4.494742 0.290619 -0.016636 0.002066 0.999761 -0.014042
1783322672.856527567 -17.302450 -4.494655 0.290014 -0.016588 0.002081 0.999761 -0.014062
1783322672.953271866 -17.302910 -4.494455 0.289333 -0.016515 0.002076 0.999763 -0.014053
1783322673.055550814 -17.303627 -4.494080 0.288634 -0.016397 0.002062 0.999765 -0.014051
1783322673.153242588 -17.304478 -4.493517 0.287954 -0.016235 0.001988 0.999767 -0.014065
1783322673.253214121 -17.304549 -4.493287 0.287948 -0.016189 0.002009 0.999768 -0.014080
1783322673.353270769 -17.304568 -4.493084 0.288008 -0.016164 0.002013 0.999768 -0.014077
1783322673.453303099 -17.304550 -4.493226 0.288074 -0.016127 0.001981 0.999769 -0.014072
1783322673.553255320 -17.304551 -4.493541 0.288131 -0.016070 0.001931 0.999770 -0.014044
1783322673.653975725 -17.302750 -4.494406 0.293242 -0.016095 0.001852 0.999771 -0.014014
1783322673.753285170 -17.302862 -4.494567 0.293236 -0.016087 0.001802 0.999771 -0.014027
1783322673.853289366 -17.303045 -4.494633 0.293164 -0.016085 0.001745 0.999770 -0.014043
1783322673.953253508 -17.303308 -4.494597 0.293084 -0.016118 0.001693 0.999770 -0.014017
1783322674.053268433 -17.303644 -4.494598 0.292874 -0.016134 0.001663 0.999770 -0.014011
1783322674.153286934 -17.303831 -4.494649 0.292782 -0.016185 0.001625 0.999770 -0.013998
1783322674.254143953 -17.303800 -4.494727 0.292704 -0.016215 0.001588 0.999769 -0.014012
1783322674.353212118 -17.303841 -4.495051 0.292683 -0.016262 0.001567 0.999768 -0.014008
1783322674.453208447 -17.303774 -4.495496 0.292603 -0.016304 0.001572 0.999768 -0.014010
1783322674.553189754 -17.303905 -4.495653 0.292527 -0.016353 0.001570 0.999767 -0.014013
1783322674.653215408 -17.304024 -4.495573 0.292523 -0.016398 0.001540 0.999766 -0.014002
1783322674.753383160 -17.304224 -4.495356 0.292508 -0.016450 0.001573 0.999765 -0.013998
1783322674.853617668 -17.304365 -4.495202 0.292534 -0.016511 0.001595 0.999764 -0.014008
1783322674.953263760 -17.304409 -4.495066 0.292581 -0.016552 0.001640 0.999763 -0.014016
1783322675.053477526 -17.304274 -4.495015 0.292700 -0.016589 0.001652 0.999763 -0.014020
1783322675.153338671 -17.303887 -4.494998 0.292719 -0.016608 0.001701 0.999762 -0.014018
1783322675.253368855 -17.303537 -4.495153 0.292838 -0.016610 0.001715 0.999762 -0.014011
1783322675.353395462 -17.303391 -4.495349 0.292913 -0.016598 0.001746 0.999763 -0.013992
1783322675.453482866 -17.303274 -4.495400 0.293009 -0.016591 0.001808 0.999762 -0.014038
1783322675.553467035 -17.303151 -4.495260 0.293057 -0.016537 0.001816 0.999763 -0.014025
1783322675.654589176 -17.303182 -4.494855 0.293056 -0.016498 0.001871 0.999764 -0.014005
1783322675.753460884 -17.303005 -4.494524 0.293033 -0.016426 0.001912 0.999765 -0.014029
1783322675.853498459 -17.302873 -4.494274 0.292958 -0.016405 0.001956 0.999765 -0.014045
1783322675.953560352 -17.302500 -4.494249 0.292886 -0.016343 0.001999 0.999766 -0.014033
1783322676.053451777 -17.302107 -4.494221 0.292815 -0.016364 0.002050 0.999765 -0.014051
1783322676.153459787 -17.301793 -4.494222 0.292643 -0.016338 0.002107 0.999766 -0.014053
1783322676.253764391 -17.301914 -4.494318 0.292343 -0.016355 0.002155 0.999765 -0.014071
1783322676.353480816 -17.302019 -4.494330 0.292008 -0.016347 0.002192 0.999765 -0.014061
1783322676.453447819 -17.302270 -4.494150 0.291706 -0.016391 0.002225 0.999763 -0.014124
1783322676.556905508 -17.302699 -4.493751 0.291295 -0.016407 0.002245 0.999765 -0.014009
1783322676.653390646 -17.303046 -4.493827 0.290845 -0.016436 0.002207 0.999764 -0.014038
1783322676.753370047 -17.303223 -4.494021 0.290244 -0.016458 0.002190 0.999763 -0.014054
1783322676.853374004 -17.303381 -4.494411 0.289593 -0.016501 0.002119 0.999763 -0.014055
1783322676.953352928 -17.303512 -4.494588 0.289003 -0.016493 0.002077 0.999763 -0.014061
1783322677.053354502 -17.303984 -4.494851 0.288409 -0.016506 0.001971 0.999763 -0.014059
1783322677.153657913 -17.304651 -4.494747 0.287781 -0.016389 0.001882 0.999765 -0.014082
1783322677.253589869 -17.305096 -4.494804 0.287753 -0.016478 0.001797 0.999764 -0.014048
1783322677.353372574 -17.305445 -4.494559 0.287767 -0.016443 0.001765 0.999764 -0.014076
1783322677.453339815 -17.305689 -4.494221 0.287826 -0.016477 0.001748 0.999764 -0.014054
1783322677.553359985 -17.305848 -4.494150 0.287893 -0.016489 0.001716 0.999764 -0.014026
1783322677.653344154 -17.305207 -4.494326 0.288574 -0.016565 0.001788 0.999763 -0.014021
1783322677.753338575 -17.303956 -4.494863 0.292825 -0.016473 0.001698 0.999765 -0.013997
1783322677.853403091 -17.303626 -4.494799 0.292895 -0.016456 0.001693 0.999765 -0.013999
1783322677.953409433 -17.303478 -4.494715 0.292951 -0.016453 0.001710 0.999765 -0.014015
1783322678.053436279 -17.303533 -4.494512 0.292991 -0.016411 0.001735 0.999766 -0.014005
1783322678.153374672 -17.303815 -4.494249 0.292937 -0.016402 0.001739 0.999766 -0.014017
1783322678.253412247 -17.303876 -4.494029 0.292913 -0.016353 0.001779 0.999766 -0.014037
1783322678.353364944 -17.303803 -4.493856 0.292947 -0.016337 0.001806 0.999766 -0.014036
1783322678.453410625 -17.303427 -4.493809 0.293051 -0.016291 0.001829 0.999767 -0.014064
1783322678.553412437 -17.303057 -4.494014 0.293161 -0.016278 0.001827 0.999767 -0.014071
1783322678.653411388 -17.302554 -4.494305 0.293262 -0.016256 0.001842 0.999767 -0.014052
1783322678.753402233 -17.302262 -4.494434 0.293261 -0.016244 0.001844 0.999768 -0.014052
1783322678.853433371 -17.301987 -4.494244 0.293313 -0.016217 0.001873 0.999768 -0.014050
1783322678.953426361 -17.301977 -4.494127 0.293273 -0.016229 0.001830 0.999768 -0.014052
1783322679.053632021 -17.302078 -4.493885 0.293266 -0.016236 0.001797 0.999768 -0.014038
1783322679.153419733 -17.302148 -4.493788 0.293208 -0.016270 0.001766 0.999767 -0.014048
1783322679.253773451 -17.302007 -4.493845 0.293196 -0.016279 0.001724 0.999767 -0.014043
1783322679.353411674 -17.301893 -4.494100 0.293184 -0.016314 0.001678 0.999767 -0.014038
1783322679.453397751 -17.301802 -4.494627 0.293163 -0.016346 0.001618 0.999766 -0.014050
1783322679.553421736 -17.301819 -4.495146 0.293133 -0.016359 0.001554 0.999766 -0.014038
1783322679.653353930 -17.302018 -4.495447 0.293080 -0.016361 0.001516 0.999766 -0.014057
1783322679.753297806 -17.302453 -4.495334 0.293039 -0.016383 0.001483 0.999766 -0.014049
1783322679.854541779 -17.302896 -4.495117 0.292937 -0.016380 0.001481 0.999766 -0.014063
1783322679.953275204 -17.303328 -4.494914 0.292850 -0.016394 0.001489 0.999766 -0.014059
1783322680.053237915 -17.303630 -4.494892 0.292735 -0.016421 0.001499 0.999765 -0.014062
1783322680.153218031 -17.303493 -4.494948 0.292636 -0.016420 0.001544 0.999765 -0.014048
1783322680.253230333 -17.303222 -4.495181 0.292499 -0.016479 0.001584 0.999764 -0.014033
1783322680.353325605 -17.302942 -4.495503 0.292316 -0.016515 0.001649 0.999764 -0.014044
1783322680.453235388 -17.302795 -4.495748 0.292054 -0.016553 0.001707 0.999763 -0.014060
1783322680.553240538 -17.302780 -4.495626 0.291802 -0.016571 0.001759 0.999762 -0.014055
1783322680.653295994 -17.302887 -4.495332 0.291457 -0.016583 0.001824 0.999762 -0.014063
1783322680.753350258 -17.303057 -4.494881 0.291064 -0.016571 0.001902 0.999762 -0.014068
1783322680.853378534 -17.303203 -4.494593 0.290676 -0.016571 0.001968 0.999762 -0.014079
1783322680.953390360 -17.303307 -4.494494 0.290177 -0.016551 0.002018 0.999762 -0.014099
1783322681.053415060 -17.303223 -4.494406 0.289697 -0.016504 0.002088 0.999763 -0.014062
1783322681.153426647 -17.303135 -4.494483 0.289134 -0.016469 0.002089 0.999763 -0.014060
1783322681.253425360 -17.303345 -4.494381 0.288545 -0.016348 0.002129 0.999764 -0.014117
1783322681.353428841 -17.303776 -4.494139 0.287890 -0.016212 0.002102 0.999766 -0.014132
1783322681.453434706 -17.303758 -4.494118 0.287856 -0.016235 0.002108 0.999767 -0.014086
1783322681.553438663 -17.303726 -4.493925 0.287802 -0.016227 0.002141 0.999767 -0.014102
1783322681.653427601 -17.303758 -4.493786 0.287800 -0.016230 0.002171 0.999766 -0.014135
1783322681.753414631 -17.303777 -4.493778 0.287831 -0.016214 0.002183 0.999767 -0.014107
1783322681.853396893 -17.301860 -4.494746 0.292652 -0.016270 0.002146 0.999766 -0.014081
1783322681.953381300 -17.301836 -4.495026 0.292665 -0.016290 0.002139 0.999766 -0.014098
1783322682.053412437 -17.301623 -4.495343 0.292673 -0.016274 0.002139 0.999766 -0.014120
1783322682.153324604 -17.301724 -4.495631 0.292598 -0.016301 0.002090 0.999765 -0.014123
1783322682.253312826 -17.301933 -4.495596 0.292580 -0.016305 0.002085 0.999765 -0.014135
1783322682.353360176 -17.302405 -4.495449 0.292535 -0.016330 0.002020 0.999765 -0.014141
1783322682.453300238 -17.302829 -4.495131 0.292602 -0.016330 0.001984 0.999765 -0.014120
1783322682.553298712 -17.303120 -4.494997 0.292567 -0.016343 0.001912 0.999765 -0.014132
1783322682.653301716 -17.303220 -4.495061 0.292545 -0.016374 0.001890 0.999764 -0.014153
1783322682.753285646 -17.303113 -4.495266 0.292555 -0.016393 0.001879 0.999764 -0.014127
1783322682.853325844 -17.303008 -4.495556 0.292579 -0.016440 0.001809 0.999764 -0.014110
1783322682.953246117 -17.302874 -4.495443 0.292607 -0.016439 0.001868 0.999763 -0.014148
1783322683.053862810 -17.302927 -4.495397 0.292669 -0.016455 0.001848 0.999762 -0.014172
1783322683.153271914 -17.303020 -4.495076 0.292696 -0.016419 0.001896 0.999763 -0.014143
1783322683.253253222 -17.303236 -4.494865 0.292724 -0.016411 0.001878 0.999763 -0.014150
1783322683.353260040 -17.303254 -4.494444 0.292815 -0.016371 0.001951 0.999764 -0.014158
1783322683.453419447 -17.303143 -4.494510 0.292944 -0.016326 0.001932 0.999764 -0.014217
1783322683.553352594 -17.302926 -4.494541 0.293074 -0.016285 0.001969 0.999766 -0.014130
1783322683.653350115 -17.302608 -4.494984 0.293184 -0.016262 0.001922 0.999766 -0.014129
1783322683.753410339 -17.302293 -4.495054 0.293241 -0.016189 0.001961 0.999767 -0.014131
1783322683.853365183 -17.302199 -4.495217 0.293252 -0.016196 0.001935 0.999767 -0.014142
1783322683.953393221 -17.302206 -4.495079 0.293177 -0.016174 0.001947 0.999767 -0.014140
1783322684.053380013 -17.302490 -4.494726 0.293062 -0.016184 0.001915 0.999768 -0.014117
1783322684.153381109 -17.303013 -4.494229 0.292970 -0.016160 0.001888 0.999768 -0.014109
1783322684.253384590 -17.303188 -4.493947 0.292870 -0.016150 0.001866 0.999768 -0.014110
1783322684.353410006 -17.303155 -4.494038 0.292921 -0.016147 0.001823 0.999768 -0.014132
1783322684.453407764 -17.303300 -4.494358 0.292852 -0.016220 0.001766 0.999767 -0.014101
1783322684.553520203 -17.303148 -4.494978 0.292850 -0.016199 0.001721 0.999768 -0.014091
1783322684.653322697 -17.303388 -4.495427 0.292755 -0.016255 0.001674 0.999768 -0.014047
1783322684.753270864 -17.303486 -4.495720 0.292638 -0.016286 0.001607 0.999767 -0.014103
1783322684.853265285 -17.303771 -4.495530 0.292487 -0.016306 0.001552 0.999768 -0.013978
1783322684.953763485 -17.304179 -4.495445 0.292341 -0.016331 0.001476 0.999770 -0.013804
1783322685.053803921 -17.304184 -4.495122 0.292021 -0.016397 0.001562 0.999767 -0.013931
1783322685.154780388 -17.304312 -4.495266 0.291773 -0.016450 0.001565 0.999766 -0.013963
1783322685.262443542 -17.304150 -4.495331 0.291450 -0.016544 0.001568 0.999765 -0.013906
1783322685.353320837 -17.304130 -4.495655 0.291124 -0.016613 0.001538 0.999765 -0.013873
1783322685.453382492 -17.304224 -4.495799 0.290713 -0.016684 0.001628 0.999763 -0.013872
1783322685.553311348 -17.304320 -4.495720 0.290265 -0.016710 0.001653 0.999762 -0.013902
1783322685.653341770 -17.304836 -4.495250 0.289632 -0.016694 0.001694 0.999763 -0.013888
1783322685.753309727 -17.305012 -4.494852 0.289610 -0.016658 0.001709 0.999763 -0.013879
1783322685.853327036 -17.305535 -4.494279 0.289015 -0.016590 0.001767 0.999764 -0.013887
1783322685.953401089 -17.304935 -4.494344 0.292696 -0.016390 0.001698 0.999768 -0.013872
1783322686.053474188 -17.304836 -4.494373 0.292838 -0.016353 0.001770 0.999768 -0.013882
1783322686.153278589 -17.304359 -4.494560 0.292987 -0.016332 0.001840 0.999769 -0.013885
1783322686.253311634 -17.303907 -4.494839 0.293039 -0.016306 0.001900 0.999769 -0.013894
1783322686.353209019 -17.303569 -4.495060 0.293063 -0.016272 0.001969 0.999769 -0.013902
1783322686.453185797 -17.303464 -4.495031 0.293060 -0.016224 0.002037 0.999770 -0.013899
1783322686.553195953 -17.303474 -4.494707 0.293037 -0.016169 0.002080 0.999771 -0.013890
1783322686.653221369 -17.303670 -4.494369 0.292962 -0.016144 0.002128 0.999770 -0.013924
1783322686.753219366 -17.303813 -4.494239 0.292912 -0.016103 0.002126 0.999771 -0.013925
1783322686.853573084 -17.303930 -4.494357 0.292817 -0.016075 0.002106 0.999772 -0.013925
1783322686.953280687 -17.303896 -4.494608 0.292829 -0.016043 0.002102 0.999772 -0.013910
1783322687.053234816 -17.303663 -4.494973 0.292856 -0.016017 0.002049 0.999773 -0.013931
1783322687.153259516 -17.303472 -4.495405 0.292813 -0.016030 0.002007 0.999772 -0.013932
1783322687.253292084 -17.303497 -4.495749 0.292733 -0.016010 0.001938 0.999773 -0.013960
1783322687.353360415 -17.303585 -4.495820 0.292707 -0.016017 0.001878 0.999772 -0.013978
1783322687.453372478 -17.303746 -4.495574 0.292671 -0.016052 0.001844 0.999771 -0.014000
1783322687.553396463 -17.303826 -4.495364 0.292703 -0.016093 0.001790 0.999770 -0.014028
1783322687.653372288 -17.303737 -4.495306 0.292684 -0.016158 0.001744 0.999769 -0.014074
1783322687.753384352 -17.303473 -4.495457 0.292722 -0.016234 0.001722 0.999767 -0.014118
1783322687.853430986 -17.302966 -4.495734 0.292758 -0.016316 0.001705 0.999765 -0.014186
1783322687.953372002 -17.302273 -4.496019 0.292772 -0.016414 0.001732 0.999762 -0.014280
1783322688.053318977 -17.301581 -4.496340 0.292702 -0.016515 0.001729 0.999759 -0.014372
1783322688.153273344 -17.301042 -4.496565 0.292619 -0.016626 0.001756 0.999751 -0.014754
1783322688.253297329 -17.300763 -4.496740 0.292651 -0.016767 0.001769 0.999736 -0.015636
1783322688.354387522 -17.299762 -4.496474 0.292522 -0.016710 0.001751 0.999710 -0.017244
1783322688.453233719 -17.298930 -4.497277 0.292438 -0.016691 0.001659 0.999681 -0.018896
1783322688.553472519 -17.298428 -4.498623 0.292397 -0.016774 0.001657 0.999671 -0.019324
1783322688.653491974 -17.297325 -4.498889 0.292268 -0.016610 0.001735 0.999689 -0.018519
1783322688.753435612 -17.297112 -4.498816 0.292052 -0.016652 0.001804 0.999694 -0.018210
1783322688.853436232 -17.296935 -4.499201 0.291756 -0.016682 0.001809 0.999695 -0.018130
1783322688.953440905 -17.296863 -4.499179 0.291371 -0.016661 0.001864 0.999695 -0.018134
1783322689.053472996 -17.297164 -4.498643 0.292796 -0.016436 0.001751 0.999700 -0.018084
1783322689.153469086 -17.297449 -4.498123 0.292709 -0.016360 0.001740 0.999703 -0.017959
1783322689.254173517 -17.297685 -4.497593 0.292742 -0.016378 0.001723 0.999704 -0.017897
1783322689.353427887 -17.297614 -4.497254 0.292832 -0.016329 0.001726 0.999707 -0.017775
1783322689.453395605 -17.297736 -4.497275 0.292816 -0.016393 0.001703 0.999706 -0.017783
1783322689.553374529 -17.297291 -4.497694 0.292820 -0.016317 0.001653 0.999709 -0.017702
1783322689.653385639 -17.297267 -4.497988 0.292760 -0.016331 0.001664 0.999708 -0.017758
1783322689.753318310 -17.296941 -4.498368 0.292741 -0.016246 0.001628 0.999709 -0.017731
1783322689.853302002 -17.297074 -4.498599 0.292654 -0.016213 0.001575 0.999709 -0.017815
1783322689.953386545 -17.297649 -4.498429 0.292496 -0.016272 0.001563 0.999709 -0.017739
1783322690.053283453 -17.297709 -4.498406 0.292345 -0.016159 0.001509 0.999708 -0.017877
1783322690.153270006 -17.298387 -4.498424 0.292185 -0.016180 0.001499 0.999709 -0.017833
1783322690.253258467 -17.298683 -4.498624 0.292125 -0.016122 0.001504 0.999712 -0.017709
1783322690.353247404 -17.298883 -4.499058 0.292065 -0.016108 0.001495 0.999713 -0.017687
1783322690.453266621 -17.299148 -4.499665 0.292070 -0.016110 0.001475 0.999714 -0.017612
1783322690.553213835 -17.299238 -4.500139 0.292033 -0.016078 0.001463 0.999717 -0.017485
1783322690.653380394 -17.299165 -4.500206 0.292023 -0.016067 0.001472 0.999717 -0.017476
1783322690.753203154 -17.299055 -4.500129 0.292004 -0.016052 0.001474 0.999716 -0.017531
1783322690.853189468 -17.298961 -4.499865 0.291997 -0.016035 0.001547 0.999716 -0.017546
1783322690.953163385 -17.298600 -4.499715 0.291947 -0.016115 0.001610 0.999712 -0.017690
1783322691.053195238 -17.297876 -4.499788 0.292043 -0.016036 0.001668 0.999712 -0.017786
1783322691.153213501 -17.297487 -4.499958 0.292239 -0.016153 0.001747 0.999711 -0.017732
1783322691.253247023 -17.296455 -4.500314 0.292394 -0.016144 0.001851 0.999710 -0.017756
1783322691.353298187 -17.295821 -4.500720 0.292503 -0.016206 0.001914 0.999709 -0.017756
1783322691.453286409 -17.295241 -4.500686 0.292644 -0.016249 0.002010 0.999708 -0.017745
1783322691.553301334 -17.294630 -4.500497 0.292783 -0.016275 0.002020 0.999708 -0.017754
1783322691.653310299 -17.294391 -4.499861 0.292766 -0.016389 0.002074 0.999707 -0.017715
1783322691.753319025 -17.293703 -4.499399 0.292674 -0.016401 0.002069 0.999709 -0.017547
1783322691.853286266 -17.293047 -4.498921 0.292619 -0.016356 0.002104 0.999711 -0.017484
1783322691.953259706 -17.292884 -4.498405 0.292560 -0.016524 0.002120 0.999710 -0.017397
1783322692.053244829 -17.292099 -4.498180 0.292455 -0.016486 0.002115 0.999711 -0.017377
1783322692.153244972 -17.291846 -4.497965 0.292353 -0.016571 0.002091 0.999711 -0.017301
1783322692.253383398 -17.291933 -4.497610 0.292214 -0.016587 0.002049 0.999712 -0.017246
1783322692.353214264 -17.292187 -4.497200 0.292089 -0.016619 0.001959 0.999711 -0.017257
1783322692.453230143 -17.292596 -4.496394 0.292135 -0.016629 0.001890 0.999711 -0.017258
1783322692.553245068 -17.293146 -4.495595 0.292140 -0.016661 0.001746 0.999710 -0.017275
1783322692.653235674 -17.293720 -4.494811 0.292131 -0.016696 0.001651 0.999710 -0.017290
1783322692.753247976 -17.294126 -4.494341 0.292158 -0.016779 0.001569 0.999708 -0.017327
1783322692.853244066 -17.294565 -4.494211 0.292149 -0.016874 0.001452 0.999707 -0.017301
1783322692.953281164 -17.294943 -4.494360 0.292183 -0.016968 0.001398 0.999705 -0.017336
1783322693.053314209 -17.295561 -4.494553 0.292261 -0.017068 0.001349 0.999703 -0.017340
1783322693.153282881 -17.296345 -4.494883 0.292279 -0.017172 0.001357 0.999701 -0.017349
1783322693.253271103 -17.297394 -4.495058 0.292230 -0.017266 0.001390 0.999698 -0.017423
1783322693.353248358 -17.298634 -4.495058 0.292174 -0.017315 0.001411 0.999696 -0.017494
1783322693.453248024 -17.300287 -4.494805 0.292273 -0.017229 0.001447 0.999699 -0.017422
1783322693.553213835 -17.302102 -4.495028 0.292431 -0.017320 0.001403 0.999697 -0.017422
1783322693.653232574 -17.303493 -4.495448 0.292632 -0.017080 0.001498 0.999700 -0.017499
1783322693.753223419 -17.305539 -4.496099 0.292837 -0.016989 0.001523 0.999703 -0.017420
1783322693.853265524 -17.307149 -4.496733 0.293038 -0.016701 0.001619 0.999708 -0.017402
1783322693.953291416 -17.309338 -4.497518 0.293141 -0.016476 0.001626 0.999714 -0.017279
1783322694.053328991 -17.311772 -4.497912 0.293258 -0.016197 0.001696 0.999720 -0.017151
1783322694.153364182 -17.313891 -4.498218 0.292987 -0.015949 0.001693 0.999725 -0.017090
1783322694.253389835 -17.315906 -4.498102 0.293006 -0.015760 0.001705 0.999730 -0.017004
1783322694.353399277 -17.317615 -4.498169 0.293131 -0.015560 0.001679 0.999734 -0.016915
1783322694.453434229 -17.318972 -4.498311 0.293399 -0.015406 0.001704 0.999738 -0.016847
1783322694.553395987 -17.320288 -4.499013 0.293648 -0.015319 0.001713 0.999742 -0.016691
1783322694.653469801 -17.321513 -4.499790 0.293879 -0.015322 0.001790 0.999745 -0.016494
1783322694.753405809 -17.322160 -4.500712 0.294046 -0.015297 0.001834 0.999748 -0.016357
1783322694.853425264 -17.323001 -4.501252 0.294263 -0.015401 0.001857 0.999749 -0.016196
1783322694.953472137 -17.323538 -4.501522 0.294467 -0.015459 0.001910 0.999749 -0.016104
1783322695.053327084 -17.324090 -4.501588 0.294609 -0.015593 0.001949 0.999748 -0.016012
1783322695.153344393 -17.324617 -4.501364 0.294683 -0.015711 0.001988 0.999749 -0.015876
1783322695.253269672 -17.324894 -4.501295 0.294765 -0.015792 0.002011 0.999750 -0.015688
1783322695.353241682 -17.324953 -4.501190 0.294781 -0.016033 0.002033 0.999746 -0.015682
1783322695.453227282 -17.324188 -4.501819 0.294803 -0.016033 0.002014 0.999746 -0.015701
1783322695.553225756 -17.324406 -4.502133 0.294697 -0.016402 0.002036 0.999742 -0.015581
1783322695.653218746 -17.323805 -4.502335 0.294600 -0.016516 0.002027 0.999740 -0.015577
1783322695.753313065 -17.324010 -4.502364 0.294615 -0.016777 0.001956 0.999736 -0.015574
1783322695.853281021 -17.324484 -4.501859 0.294479 -0.016905 0.001967 0.999734 -0.015567
1783322695.953476191 -17.325109 -4.501571 0.294312 -0.016946 0.001894 0.999733 -0.015620
1783322696.053345203 -17.326018 -4.500974 0.294137 -0.016954 0.001908 0.999732 -0.015629
1783322696.153467178 -17.326795 -4.500800 0.294116 -0.016869 0.001846 0.999733 -0.015664
1783322696.253338099 -17.327580 -4.500534 0.294131 -0.016702 0.001846 0.999736 -0.015685
1783322696.354652405 -17.328990 -4.500488 0.294136 -0.016489 0.001813 0.999739 -0.015732
1783322696.456930637 -17.330234 -4.500526 0.294190 -0.016164 0.001789 0.999743 -0.015772
1783322696.553272963 -17.331416 -4.500331 0.294305 -0.015849 0.001735 0.999748 -0.015810
1783322696.653265715 -17.332601 -4.499645 0.294351 -0.015482 0.001735 0.999753 -0.015842
1783322696.753241062 -17.333631 -4.498987 0.294326 -0.015111 0.001737 0.999758 -0.015893
1783322696.853241920 -17.334314 -4.498473 0.294333 -0.014808 0.001770 0.999762 -0.015913
1783322696.953192711 -17.334458 -4.498161 0.294293 -0.014609 0.001809 0.999765 -0.015916
1783322697.053909063 -17.333903 -4.498128 0.294466 -0.014546 0.001843 0.999766 -0.015894
1783322697.153664827 -17.332732 -4.498342 0.294562 -0.014619 0.001904 0.999765 -0.015865
1783322697.256611347 -17.331174 -4.498871 0.294481 -0.014782 0.001961 0.999763 -0.015844
1783322697.355293036 -17.329574 -4.499392 0.294485 -0.014986 0.002000 0.999760 -0.015826
1783322697.453213453 -17.327676 -4.499683 0.294199 -0.015237 0.002038 0.999757 -0.015799
1783322697.553250313 -17.325763 -4.499866 0.294065 -0.015505 0.002041 0.999752 -0.015843
1783322697.653243303 -17.324049 -4.499767 0.293705 -0.015664 0.002088 0.999750 -0.015821
1783322697.753223419 -17.322131 -4.499998 0.293650 -0.015866 0.002102 0.999747 -0.015832
1783322697.855216742 -17.320059 -4.500420 0.293738 -0.016019 0.002092 0.999744 -0.015831
1783322697.954163551 -17.317970 -4.500872 0.293728 -0.016163 0.002038 0.999743 -0.015792
1783322698.054069281 -17.315826 -4.501401 0.293732 -0.016276 0.002012 0.999741 -0.015760
1783322698.153233528 -17.313969 -4.501941 0.293821 -0.016385 0.001966 0.999740 -0.015753
1783322698.254260540 -17.312195 -4.502371 0.293784 -0.016449 0.001950 0.999739 -0.015715
1783322698.353300571 -17.310743 -4.502519 0.293844 -0.016570 0.001912 0.999738 -0.015705
1783322698.454163790 -17.309208 -4.502410 0.293807 -0.016648 0.001853 0.999736 -0.015724
1783322698.553343773 -17.307774 -4.502261 0.293687 -0.016745 0.001808 0.999734 -0.015729
1783322698.653432846 -17.306269 -4.502259 0.293746 -0.016841 0.001759 0.999733 -0.015740
1783322698.753374577 -17.304798 -4.502424 0.293868 -0.016894 0.001716 0.999732 -0.015726
1783322698.854122400 -17.303445 -4.502805 0.293935 -0.016962 0.001720 0.999732 -0.015682
1783322698.956405878 -17.302118 -4.503363 0.294018 -0.017045 0.001692 0.999730 -0.015716
1783322699.053343534 -17.301214 -4.503661 0.294102 -0.017119 0.001690 0.999728 -0.015759
1783322699.153839111 -17.300723 -4.503808 0.294128 -0.017252 0.001693 0.999725 -0.015810
1783322699.253288507 -17.300493 -4.503651 0.294059 -0.017289 0.001716 0.999724 -0.015843
1783322699.353305340 -17.300506 -4.503430 0.294062 -0.017303 0.001718 0.999723 -0.015849
1783322699.453287363 -17.300657 -4.503114 0.294070 -0.017230 0.001714 0.999725 -0.015835
1783322699.553353548 -17.301059 -4.503129 0.294239 -0.017149 0.001742 0.999726 -0.015808
1783322699.653267145 -17.301560 -4.503197 0.294432 -0.016977 0.001750 0.999730 -0.015789
1783322699.753309250 -17.302326 -4.503277 0.294566 -0.016792 0.001776 0.999733 -0.015750
1783322699.853387594 -17.303337 -4.503261 0.294635 -0.016564 0.001775 0.999738 -0.015702
1783322699.953236341 -17.304634 -4.503205 0.294642 -0.016351 0.001754 0.999742 -0.015657
1783322700.053213358 -17.306130 -4.502985 0.294692 -0.016176 0.001722 0.999746 -0.015621
1783322700.153226376 -17.307732 -4.502690 0.294654 -0.016010 0.001701 0.999748 -0.015622
1783322700.253260374 -17.308941 -4.502377 0.294571 -0.015882 0.001669 0.999751 -0.015599
1783322700.353244066 -17.309751 -4.502102 0.294671 -0.015808 0.001633 0.999752 -0.015570
1783322700.453268528 -17.310412 -4.502144 0.294695 -0.015785 0.001622 0.999753 -0.015551
1783322700.553283453 -17.310862 -4.502428 0.294679 -0.015816 0.001587 0.999753 -0.015512
1783322700.653303623 -17.311237 -4.502648 0.294661 -0.015875 0.001555 0.999753 -0.015507
1783322700.753296852 -17.311600 -4.502676 0.294573 -0.015984 0.001544 0.999751 -0.015481
1783322700.853299141 -17.312303 -4.502437 0.294297 -0.016051 0.001522 0.999750 -0.015467
1783322700.953313589 -17.312808 -4.502260 0.294265 -0.016137 0.001510 0.999749 -0.015462
1783322701.053258896 -17.313350 -4.502196 0.294301 -0.016226 0.001532 0.999748 -0.015465
1783322701.153254032 -17.313623 -4.502294 0.294318 -0.016294 0.001530 0.999747 -0.015443
1783322701.253235817 -17.313732 -4.502425 0.294406 -0.016354 0.001561 0.999746 -0.015436
1783322701.353193045 -17.313868 -4.502749 0.294421 -0.016389 0.001604 0.999745 -0.015431
1783322701.453236103 -17.314045 -4.503195 0.294375 -0.016380 0.001660 0.999745 -0.015426
1783322701.553270578 -17.314187 -4.503443 0.294379 -0.016329 0.001703 0.999746 -0.015424
1783322701.653294563 -17.314416 -4.503412 0.294462 -0.016279 0.001748 0.999747 -0.015423
1783322701.753325462 -17.314666 -4.503127 0.294514 -0.016215 0.001778 0.999748 -0.015418
1783322701.853335381 -17.314866 -4.502762 0.294491 -0.016164 0.001826 0.999749 -0.015436
1783322701.953332186 -17.314877 -4.502544 0.294640 -0.016126 0.001863 0.999749 -0.015438
1783322702.053376436 -17.314499 -4.502421 0.294806 -0.016098 0.001916 0.999749 -0.015452
1783322702.153371096 -17.313827 -4.502556 0.294928 -0.016131 0.001952 0.999748 -0.015483
1783322702.253412724 -17.313344 -4.502640 0.295049 -0.016125 0.001989 0.999748 -0.015492
1783322702.353422642 -17.312823 -4.503000 0.295190 -0.016118 0.002049 0.999748 -0.015516
1783322702.453438520 -17.312105 -4.503152 0.295327 -0.016144 0.002112 0.999747 -0.015519
1783322702.553453207 -17.311508 -4.503120 0.295439 -0.016167 0.002118 0.999747 -0.015475
1783322702.653458834 -17.311030 -4.502913 0.295442 -0.016275 0.002156 0.999746 -0.015470
1783322702.753441095 -17.310208 -4.502798 0.295301 -0.016342 0.002139 0.999744 -0.015518
1783322702.853375673 -17.309512 -4.502821 0.295332 -0.016424 0.002122 0.999742 -0.015521
1783322702.953328848 -17.308680 -4.502968 0.295293 -0.016463 0.002114 0.999742 -0.015528
1783322703.053356886 -17.308185 -4.503132 0.295310 -0.016508 0.002053 0.999741 -0.015515
1783322703.153290272 -17.307776 -4.503441 0.295311 -0.016508 0.002013 0.999742 -0.015490
1783322703.253275633 -17.307853 -4.503691 0.295278 -0.016497 0.001957 0.999742 -0.015474
1783322703.353271961 -17.308070 -4.503702 0.295226 -0.016526 0.001898 0.999742 -0.015485
1783322703.453274488 -17.308236 -4.503543 0.295214 -0.016535 0.001863 0.999742 -0.015491
1783322703.553245783 -17.308446 -4.503373 0.295071 -0.016513 0.001832 0.999742 -0.015507
1783322703.653278589 -17.308842 -4.503300 0.294978 -0.016491 0.001785 0.999743 -0.015481
1783322703.753244400 -17.308865 -4.503433 0.295081 -0.016480 0.001775 0.999744 -0.015418
1783322703.853369713 -17.308849 -4.503505 0.295149 -0.016443 0.001773 0.999744 -0.015429
1783322703.953288794 -17.308872 -4.503788 0.295174 -0.016497 0.001737 0.999743 -0.015437
1783322704.053281069 -17.309135 -4.503853 0.295170 -0.016485 0.001748 0.999744 -0.015410
1783322704.153280258 -17.309579 -4.503712 0.295174 -0.016460 0.001767 0.999744 -0.015412
1783322704.253283024 -17.309843 -4.503504 0.295074 -0.016415 0.001758 0.999745 -0.015421
1783322704.353255272 -17.310171 -4.503226 0.295071 -0.016349 0.001762 0.999746 -0.015397
1783322704.453289509 -17.310335 -4.502960 0.295131 -0.016242 0.001794 0.999748 -0.015373
1783322704.553334951 -17.310350 -4.502956 0.295219 -0.016198 0.001816 0.999748 -0.015406
1783322704.653229713 -17.310151 -4.503093 0.295329 -0.016099 0.001833 0.999751 -0.015366
1783322704.753251076 -17.310036 -4.503227 0.295387 -0.016045 0.001868 0.999751 -0.015372
1783322704.853271484 -17.309795 -4.503418 0.295450 -0.015942 0.001856 0.999753 -0.015381
1783322704.953275204 -17.309783 -4.503307 0.295542 -0.015903 0.001884 0.999754 -0.015368
1783322705.053304672 -17.309870 -4.503127 0.295601 -0.015899 0.001878 0.999753 -0.015397
1783322705.153259516 -17.309897 -4.502880 0.295583 -0.015854 0.001877 0.999754 -0.015413
1783322705.253273010 -17.310014 -4.502582 0.295646 -0.015939 0.001903 0.999753 -0.015367
1783322705.353258610 -17.309652 -4.502541 0.295775 -0.015937 0.001902 0.999753 -0.015387
1783322705.453257322 -17.309245 -4.502701 0.295888 -0.016009 0.001867 0.999751 -0.015428
1783322705.553323984 -17.308848 -4.503114 0.295936 -0.016126 0.001812 0.999749 -0.015440
1783322705.653326511 -17.308562 -4.503578 0.295843 -0.016196 0.001756 0.999748 -0.015424
1783322705.753433704 -17.308478 -4.503825 0.295757 -0.016309 0.001722 0.999747 -0.015397
1783322705.853542328 -17.308398 -4.503883 0.295584 -0.016396 0.001658 0.999746 -0.015385
1783322705.953525543 -17.308734 -4.503623 0.295330 -0.016487 0.001620 0.999744 -0.015381
1783322706.053630829 -17.308881 -4.503506 0.295142 -0.016540 0.001595 0.999744 -0.015357
1783322706.153422117 -17.309033 -4.503529 0.295012 -0.016628 0.001564 0.999743 -0.015360
1783322706.253571510 -17.309029 -4.503620 0.294883 -0.016678 0.001542 0.999741 -0.015376
1783322706.354450464 -17.309222 -4.503677 0.294864 -0.016668 0.001541 0.999742 -0.015348
1783322706.453306913 -17.309550 -4.503884 0.294895 -0.016651 0.001511 0.999742 -0.015386
1783322706.554083347 -17.309803 -4.504037 0.294866 -0.016607 0.001497 0.999742 -0.015394
1783322706.653367281 -17.310274 -4.503911 0.294926 -0.016570 0.001499 0.999742 -0.015438
1783322706.754364014 -17.310792 -4.503594 0.294875 -0.016535 0.001542 0.999744 -0.015364
1783322706.857789040 -17.311331 -4.503443 0.294883 -0.016520 0.001549 0.999744 -0.015375
1783322706.953423738 -17.311556 -4.503103 0.295010 -0.016442 0.001590 0.999745 -0.015403
1783322707.053380728 -17.311635 -4.503009 0.295080 -0.016410 0.001604 0.999745 -0.015416
1783322707.153394938 -17.311379 -4.502967 0.295279 -0.016343 0.001674 0.999746 -0.015431
1783322707.253382206 -17.311301 -4.503110 0.295500 -0.016310 0.001740 0.999746 -0.015439
1783322707.353433132 -17.311359 -4.503326 0.295614 -0.016242 0.001808 0.999747 -0.015436
1783322707.453421593 -17.311601 -4.503427 0.295785 -0.016218 0.001862 0.999748 -0.015426
1783322707.553484678 -17.311954 -4.503099 0.295844 -0.016098 0.001922 0.999750 -0.015421
1783322707.653513670 -17.312339 -4.502864 0.295693 -0.016076 0.001966 0.999750 -0.015442
1783322707.753470182 -17.312708 -4.502630 0.295645 -0.016007 0.002024 0.999751 -0.015443
1783322707.853460312 -17.313157 -4.502572 0.295637 -0.016005 0.002027 0.999751 -0.015386
1783322707.953500271 -17.313053 -4.502700 0.295653 -0.016004 0.002037 0.999751 -0.015430
1783322708.053559065 -17.312810 -4.502808 0.295696 -0.015993 0.002031 0.999751 -0.015429
1783322708.153400421 -17.312949 -4.502876 0.295724 -0.016076 0.002020 0.999748 -0.015523
1783322708.253383875 -17.312929 -4.502925 0.295629 -0.016092 0.002062 0.999748 -0.015519
1783322708.353348494 -17.313100 -4.502946 0.295501 -0.016108 0.002047 0.999749 -0.015454
1783322708.453360081 -17.313564 -4.502797 0.295342 -0.016170 0.002004 0.999748 -0.015433
1783322708.553357840 -17.313917 -4.502628 0.295240 -0.016176 0.002004 0.999748 -0.015458
1783322708.653469086 -17.314254 -4.502625 0.295105 -0.016237 0.001943 0.999747 -0.015466
1783322708.753385067 -17.314312 -4.502834 0.295070 -0.016213 0.001911 0.999747 -0.015445
1783322708.853485584 -17.314381 -4.503051 0.295111 -0.016223 0.001876 0.999747 -0.015435
1783322708.953387260 -17.314400 -4.503356 0.295265 -0.016194 0.001823 0.999748 -0.015460
1783322709.053414583 -17.314503 -4.503507 0.295298 -0.016200 0.001811 0.999747 -0.015472
1783322709.153338432 -17.314750 -4.503576 0.295316 -0.016230 0.001791 0.999747 -0.015463
1783322709.253503799 -17.315015 -4.503342 0.295397 -0.016250 0.001779 0.999747 -0.015457
1783322709.353336334 -17.315195 -4.502968 0.295459 -0.016256 0.001761 0.999747 -0.015468
1783322709.453280449 -17.315237 -4.502493 0.295607 -0.016273 0.001764 0.999746 -0.015466
1783322709.553259850 -17.315014 -4.502312 0.295741 -0.016294 0.001755 0.999746 -0.015470
1783322709.656659126 -17.314532 -4.502292 0.295875 -0.016282 0.001755 0.999746 -0.015477
1783322709.753298044 -17.314039 -4.502335 0.296030 -0.016277 0.001753 0.999746 -0.015500
1783322709.855185747 -17.313539 -4.502372 0.296024 -0.016261 0.001780 0.999746 -0.015520
1783322709.953262568 -17.313567 -4.502310 0.295938 -0.016211 0.001799 0.999747 -0.015511
1783322710.053270817 -17.313497 -4.502289 0.295988 -0.016151 0.001809 0.999747 -0.015524
1783322710.153336048 -17.313643 -4.502110 0.296041 -0.016085 0.001817 0.999748 -0.015522
1783322710.253309250 -17.313679 -4.501922 0.296160 -0.016025 0.001834 0.999749 -0.015518
1783322710.353295565 -17.313503 -4.501773 0.296234 -0.015997 0.001848 0.999750 -0.015528
1783322710.453315258 -17.313272 -4.501841 0.296255 -0.015988 0.001846 0.999750 -0.015515
1783322710.553303242 -17.313001 -4.502153 0.296327 -0.016024 0.001841 0.999750 -0.015505
1783322710.653405666 -17.312687 -4.502602 0.296300 -0.016079 0.001813 0.999749 -0.015496
1783322710.753349543 -17.312355 -4.502921 0.296141 -0.016106 0.001785 0.999749 -0.015485
1783322710.853369713 -17.312077 -4.503177 0.295960 -0.016162 0.001757 0.999748 -0.015480
1783322710.953366756 -17.311835 -4.503286 0.295796 -0.016216 0.001715 0.999747 -0.015471
1783322711.053686380 -17.311653 -4.503244 0.295491 -0.016261 0.001675 0.999747 -0.015454
1783322711.153379202 -17.311380 -4.503248 0.295230 -0.016307 0.001653 0.999746 -0.015477
1783322711.253436089 -17.310917 -4.503335 0.294886 -0.016344 0.001630 0.999745 -0.015475
1783322711.353391171 -17.310411 -4.503472 0.294633 -0.016387 0.001623 0.999745 -0.015480
1783322711.453369856 -17.310031 -4.503734 0.294285 -0.016449 0.001642 0.999744 -0.015471
1783322711.553370953 -17.309679 -4.503995 0.293853 -0.016492 0.001646 0.999743 -0.015486
1783322711.653342009 -17.309692 -4.503924 0.293438 -0.016536 0.001669 0.999742 -0.015495
1783322711.753343582 -17.310161 -4.503413 0.294861 -0.016366 0.001506 0.999745 -0.015508
1783322711.853453159 -17.310330 -4.502961 0.294896 -0.016406 0.001521 0.999744 -0.015507
1783322711.953356743 -17.310434 -4.502550 0.294872 -0.016444 0.001556 0.999743 -0.015520
1783322712.053330898 -17.310473 -4.502368 0.294908 -0.016487 0.001598 0.999742 -0.015515
1783322712.153472424 -17.310147 -4.502284 0.294870 -0.016516 0.001646 0.999742 -0.015513
1783322712.253401518 -17.309636 -4.502352 0.295010 -0.016548 0.001695 0.999741 -0.015525
1783322712.353347778 -17.309298 -4.502571 0.295040 -0.016545 0.001749 0.999741 -0.015559
1783322712.453382015 -17.309104 -4.502810 0.295072 -0.016510 0.001824 0.999741 -0.015561
1783322712.553484917 -17.308991 -4.502822 0.295096 -0.016467 0.001893 0.999742 -0.015558
1783322712.653441429 -17.309002 -4.502574 0.295124 -0.016411 0.001954 0.999742 -0.015572
1783322712.753467560 -17.308988 -4.502174 0.295121 -0.016322 0.001995 0.999744 -0.015543
1783322712.853500366 -17.308899 -4.501941 0.295209 -0.016253 0.002047 0.999745 -0.015545
1783322712.953538656 -17.308683 -4.501838 0.295260 -0.016193 0.002106 0.999746 -0.015525
1783322713.053568840 -17.308204 -4.502005 0.295403 -0.016132 0.002159 0.999747 -0.015533
1783322713.153569221 -17.307532 -4.502247 0.295451 -0.016132 0.002172 0.999747 -0.015516
1783322713.253657341 -17.307002 -4.502481 0.295472 -0.016136 0.002200 0.999747 -0.015518
1783322713.353599310 -17.306635 -4.502694 0.295476 -0.016145 0.002213 0.999747 -0.015514
1783322713.453555822 -17.306409 -4.502742 0.295442 -0.016174 0.002219 0.999746 -0.015510
1783322713.553579807 -17.306333 -4.502599 0.295371 -0.016194 0.002201 0.999746 -0.015493
1783322713.653573275 -17.306235 -4.502521 0.295302 -0.016250 0.002165 0.999746 -0.015492
1783322713.753625631 -17.305965 -4.502582 0.295173 -0.016307 0.002115 0.999745 -0.015487
1783322713.853642464 -17.305697 -4.502800 0.294940 -0.016340 0.002053 0.999744 -0.015499
1783322713.953683138 -17.305634 -4.502904 0.294789 -0.016355 0.002012 0.999745 -0.015472
1783322714.053689957 -17.305343 -4.503049 0.294737 -0.016386 0.001958 0.999744 -0.015490
1783322714.153711319 -17.305298 -4.503151 0.294679 -0.016387 0.001929 0.999744 -0.015501
1783322714.253758907 -17.305487 -4.503099 0.294625 -0.016385 0.001874 0.999742 -0.015594
1783322714.353763103 -17.305845 -4.503045 0.294550 -0.016253 0.001774 0.999746 -0.015542
1783322714.453745604 -17.306403 -4.502459 0.294441 -0.016280 0.001802 0.999744 -0.015586
1783322714.553768396 -17.306305 -4.502324 0.294438 -0.016171 0.001722 0.999746 -0.015599
1783322714.653744459 -17.306331 -4.502177 0.294504 -0.016162 0.001718 0.999746 -0.015617
1783322714.753744841 -17.306457 -4.502244 0.294467 -0.016170 0.001715 0.999747 -0.015549
1783322714.853832722 -17.306411 -4.502458 0.294496 -0.016151 0.001708 0.999747 -0.015540
1783322714.953747511 -17.306258 -4.502677 0.294586 -0.016198 0.001712 0.999746 -0.015558
1783322715.053742886 -17.306227 -4.502779 0.294628 -0.016243 0.001704 0.999746 -0.015519
1783322715.153923273 -17.306379 -4.502689 0.294720 -0.016330 0.001731 0.999745 -0.015523
1783322715.253681660 -17.306395 -4.502505 0.294769 -0.016392 0.001728 0.999744 -0.015530
1783322715.353687286 -17.306580 -4.502264 0.294799 -0.016473 0.001756 0.999742 -0.015521
1783322715.453702688 -17.306416 -4.502149 0.294948 -0.016475 0.001770 0.999743 -0.015499
1783322715.553740978 -17.306293 -4.502212 0.295042 -0.016471 0.001761 0.999743 -0.015467
1783322715.653771877 -17.306041 -4.502449 0.295157 -0.016398 0.001782 0.999745 -0.015433
1783322715.754857540 -17.306177 -4.502593 0.295002 -0.016388 0.001755 0.999745 -0.015455
1783322715.855484486 -17.306359 -4.502632 0.295126 -0.016298 0.001735 0.999746 -0.015467
1783322715.954684734 -17.306686 -4.502387 0.295244 -0.016186 0.001704 0.999747 -0.015504
1783322716.055961370 -17.307228 -4.502076 0.295345 -0.016121 0.001645 0.999749 -0.015475
1783322716.153828144 -17.307837 -4.501783 0.295326 -0.016030 0.001603 0.999750 -0.015504
1783322716.257561207 -17.308348 -4.501714 0.295303 -0.015956 0.001552 0.999752 -0.015483
1783322716.353798151 -17.308368 -4.501812 0.295278 -0.015904 0.001474 0.999753 -0.015461
1783322716.453773737 -17.308340 -4.502129 0.295297 -0.015933 0.001416 0.999753 -0.015451
1783322716.553781509 -17.308210 -4.502656 0.295245 -0.015946 0.001380 0.999753 -0.015443
1783322716.654041529 -17.308249 -4.503157 0.295141 -0.016004 0.001334 0.999752 -0.015442
1783322716.753756762 -17.308179 -4.503411 0.295130 -0.016086 0.001309 0.999751 -0.015435
1783322716.855140448 -17.308100 -4.503370 0.295056 -0.016195 0.001314 0.999749 -0.015423
1783322716.953717709 -17.308108 -4.503307 0.295001 -0.016310 0.001306 0.999747 -0.015422
1783322717.054286957 -17.308102 -4.503213 0.294973 -0.016462 0.001325 0.999745 -0.015415
1783322717.153912067 -17.307862 -4.503424 0.294904 -0.016681 0.001365 0.999741 -0.015407
1783322717.254470587 -17.307564 -4.503640 0.294880 -0.016884 0.001463 0.999738 -0.015406
1783322717.454039335 -17.306736 -4.504576 0.294910 -0.017030 0.001535 0.999735 -0.015407
1783322717.553761959 -17.306513 -4.504621 0.294859 -0.016925 0.001528 0.999737 -0.015428
1783322717.658606768 -17.306499 -4.504247 0.294806 -0.016761 0.001525 0.999739 -0.015422
1783322717.753787518 -17.306713 -4.503692 0.294839 -0.016702 0.001555 0.999741 -0.015412
1783322717.853700876 -17.306767 -4.503170 0.294892 -0.016552 0.001618 0.999743 -0.015428
1783322717.954927206 -17.306945 -4.502861 0.294805 -0.016488 0.001685 0.999744 -0.015413
1783322718.055882692 -17.306763 -4.502865 0.294727 -0.016401 0.001779 0.999745 -0.015408
1783322718.155539751 -17.306269 -4.503000 0.294606 -0.016312 0.001860 0.999747 -0.015401
1783322718.253671408 -17.305982 -4.503149 0.294418 -0.016314 0.001934 0.999747 -0.015394
1783322718.354045868 -17.306121 -4.503026 0.294623 -0.016191 0.001961 0.999748 -0.015417
1783322718.453745604 -17.306040 -4.502868 0.294598 -0.016164 0.002024 0.999748 -0.015446
1783322718.553773165 -17.306314 -4.502392 0.294502 -0.016135 0.002086 0.999748 -0.015450
1783322718.653803825 -17.306604 -4.501953 0.294451 -0.016089 0.002126 0.999749 -0.015459
1783322718.753807306 -17.306739 -4.501578 0.294460 -0.016102 0.002145 0.999748 -0.015472
1783322718.853802204 -17.306700 -4.501513 0.294532 -0.016053 0.002129 0.999749 -0.015501
1783322718.953840017 -17.306604 -4.501540 0.294530 -0.016050 0.002152 0.999749 -0.015491
1783322719.053767204 -17.306230 -4.501934 0.294548 -0.016073 0.002142 0.999748 -0.015505
1783322719.153773546 -17.305913 -4.502382 0.294583 -0.016139 0.002115 0.999747 -0.015499
1783322719.253700256 -17.305692 -4.502629 0.294574 -0.016166 0.002117 0.999747 -0.015519
1783322719.353701353 -17.305564 -4.502483 0.294502 -0.016240 0.002086 0.999745 -0.015537
1783322719.453700781 -17.305339 -4.502254 0.294446 -0.016303 0.002034 0.999743 -0.015640
1783322719.556734800 -17.305392 -4.501963 0.294392 -0.016431 0.001975 0.999742 -0.015577
1783322719.653698444 -17.305062 -4.501902 0.294347 -0.016483 0.001958 0.999741 -0.015550
1783322719.760225773 -17.304634 -4.502178 0.294361 -0.016537 0.001900 0.999741 -0.015531
1783322719.853749752 -17.304225 -4.502479 0.294403 -0.016562 0.001857 0.999741 -0.015500
1783322719.953837633 -17.303776 -4.502848 0.294116 -0.016582 0.001865 0.999741 -0.015479
1783322720.053860426 -17.303540 -4.503218 0.293969 -0.016578 0.001839 0.999741 -0.015481
1783322720.154276848 -17.303590 -4.503337 0.293913 -0.016555 0.001825 0.999741 -0.015493
1783322720.253900290 -17.303772 -4.503225 0.293899 -0.016531 0.001802 0.999742 -0.015493
1783322720.354115009 -17.303810 -4.502953 0.293920 -0.016484 0.001789 0.999742 -0.015514
1783322720.453905821 -17.303843 -4.502688 0.293990 -0.016443 0.001773 0.999743 -0.015520
1783322720.553839684 -17.303670 -4.502668 0.294146 -0.016387 0.001769 0.999743 -0.015542
1783322720.653800726 -17.303484 -4.502808 0.294340 -0.016350 0.001774 0.999744 -0.015530
1783322720.753832579 -17.303430 -4.503107 0.294367 -0.016290 0.001752 0.999745 -0.015517
1783322720.853749752 -17.303281 -4.503277 0.294492 -0.016253 0.001743 0.999746 -0.015518
1783322720.953783274 -17.303281 -4.503234 0.294518 -0.016209 0.001774 0.999747 -0.015509
1783322721.056050301 -17.303476 -4.502882 0.294559 -0.016205 0.001800 0.999747 -0.015511
1783322721.158238411 -17.303772 -4.502324 0.294627 -0.016205 0.001829 0.999747 -0.015501
1783322721.253727436 -17.303897 -4.501846 0.294665 -0.016222 0.001835 0.999747 -0.015479
1783322721.353734732 -17.303824 -4.501615 0.294782 -0.016244 0.001854 0.999747 -0.015465
1783322721.453742743 -17.303712 -4.501745 0.294794 -0.016261 0.001872 0.999746 -0.015480
1783322721.553716421 -17.303578 -4.502211 0.294789 -0.016282 0.001869 0.999746 -0.015502
1783322721.653719187 -17.303512 -4.502582 0.294772 -0.016271 0.001858 0.999746 -0.015494
1783322721.753703833 -17.303686 -4.502786 0.294645 -0.016307 0.001841 0.999745 -0.015491
1783322721.853725672 -17.303964 -4.502757 0.294511 -0.016329 0.001805 0.999745 -0.015514
1783322721.953701735 -17.304295 -4.502485 0.294445 -0.016324 0.001776 0.999745 -0.015513
1783322722.053701162 -17.304756 -4.502174 0.294315 -0.016338 0.001742 0.999745 -0.015500
1783322722.153840303 -17.305082 -4.502059 0.294119 -0.016360 0.001703 0.999745 -0.015492
1783322722.253771782 -17.305092 -4.502229 0.294132 -0.016356 0.001703 0.999745 -0.015466
1783322722.353748322 -17.305198 -4.502659 0.294146 -0.016487 0.001653 0.999743 -0.015498
1783322722.453793526 -17.305137 -4.503225 0.294065 -0.016478 0.001655 0.999743 -0.015457
1783322722.553779840 -17.305325 -4.503710 0.293990 -0.016577 0.001654 0.999741 -0.015475
1783322722.653800726 -17.305351 -4.503902 0.293681 -0.016557 0.001667 0.999742 -0.015460
1783322722.753784180 -17.305859 -4.503606 0.293480 -0.016677 0.001681 0.999740 -0.015446
1783322722.853752613 -17.305837 -4.503299 0.293244 -0.016686 0.001721 0.999740 -0.015457
1783322722.953800678 -17.306196 -4.502940 0.292985 -0.016757 0.001777 0.999739 -0.015420
1783322723.053748608 -17.306272 -4.502739 0.292732 -0.016728 0.001865 0.999740 -0.015399
1783322723.153748989 -17.306441 -4.502889 0.292421 -0.016811 0.001899 0.999738 -0.015409
1783322723.253768206 -17.306623 -4.503123 0.292131 -0.016799 0.001948 0.999737 -0.015462
1783322723.353748798 -17.307401 -4.503385 0.291673 -0.016929 0.001964 0.999736 -0.015442
1783322723.453760624 -17.307843 -4.503294 0.291208 -0.016727 0.002008 0.999738 -0.015488
1783322723.553767443 -17.309310 -4.502656 0.290625 -0.016737 0.001966 0.999738 -0.015468
1783322723.653894663 -17.309868 -4.502234 0.290522 -0.016781 0.002038 0.999737 -0.015470
1783322723.753811359 -17.310744 -4.501877 0.290412 -0.016910 0.002054 0.999734 -0.015528
1783322723.853875160 -17.311789 -4.501590 0.290150 -0.016900 0.002114 0.999735 -0.015497
1783322723.953761578 -17.313555 -4.501609 0.289963 -0.017011 0.002111 0.999734 -0.015427
1783322724.053749323 -17.314081 -4.502471 0.294884 -0.016838 0.002118 0.999738 -0.015346
1783322724.153733015 -17.316021 -4.502875 0.294806 -0.016834 0.002063 0.999739 -0.015334
1783322724.253749609 -17.317857 -4.503230 0.294697 -0.016579 0.002060 0.999743 -0.015345
1783322724.353730440 -17.320286 -4.503443 0.294589 -0.016381 0.001987 0.999746 -0.015342
1783322724.453691006 -17.322712 -4.503336 0.294491 -0.016079 0.001967 0.999750 -0.015386
1783322724.553688526 -17.324690 -4.503402 0.294385 -0.015649 0.001916 0.999760 -0.015237
1783322724.653804064 -17.326798 -4.503598 0.294358 -0.015302 0.001843 0.999762 -0.015438
1783322724.753703117 -17.327886 -4.504198 0.294274 -0.014733 0.001890 0.999770 -0.015460
1783322724.853735924 -17.328757 -4.505566 0.294107 -0.014505 0.001852 0.999773 -0.015502
1783322724.953788757 -17.328786 -4.507183 0.293977 -0.014187 0.001908 0.999775 -0.015648
1783322725.053811550 -17.328106 -4.509222 0.293850 -0.013981 0.001892 0.999788 -0.014985
1783322725.153830528 -17.327031 -4.511216 0.293603 -0.013971 0.001982 0.999790 -0.014858
1783322725.253922462 -17.325032 -4.513247 0.293387 -0.014022 0.002045 0.999797 -0.014301
1783322725.353898287 -17.321615 -4.515357 0.293146 -0.014150 0.002136 0.999805 -0.013633
1783322725.453803539 -17.316328 -4.518105 0.292871 -0.014538 0.002242 0.999797 -0.013745
1783322725.553804636 -17.308964 -4.522099 0.292711 -0.014913 0.002333 0.999789 -0.013919
1783322725.653772831 -17.299717 -4.526822 0.292471 -0.015428 0.002430 0.999788 -0.013382
1783322725.753792048 -17.289135 -4.531479 0.292197 -0.015733 0.002534 0.999796 -0.012442
1783322725.853816032 -17.277839 -4.536214 0.291771 -0.015947 0.002557 0.999813 -0.010678
1783322725.953800917 -17.266383 -4.541082 0.291404 -0.016042 0.002401 0.999833 -0.008363
1783322726.053680182 -17.255500 -4.543821 0.290931 -0.016475 0.002444 0.999837 -0.006916
1783322726.153642416 -17.244766 -4.544778 0.290489 -0.016590 0.002506 0.999832 -0.007330
1783322726.253648758 -17.233968 -4.545480 0.289889 -0.016491 0.002562 0.999833 -0.007417
1783322726.353674412 -17.223064 -4.546843 0.289403 -0.016535 0.002597 0.999844 -0.005718
1783322726.453732491 -17.211470 -4.548302 0.289071 -0.016310 0.002717 0.999859 -0.002912
1783322726.553747177 -17.198231 -4.549149 0.288659 -0.016418 0.002650 0.999861 -0.000780
1783322726.653779030 -17.182296 -4.548986 0.288360 -0.016129 0.002849 0.999866 0.000041
1783322726.753790379 -17.164039 -4.548895 0.288114 -0.015638 0.002827 0.999873 0.001083
1783322726.853879452 -17.144325 -4.549283 0.288089 -0.015532 0.003066 0.999870 0.003090
1783322726.953933001 -17.122508 -4.550133 0.287547 -0.015392 0.003421 0.999849 0.007325
1783322727.054032803 -17.098056 -4.550179 0.287516 -0.014899 0.003370 0.999811 0.012022
1783322727.154034138 -17.072360 -4.548837 0.287600 -0.014790 0.004929 0.999712 0.018236
1783322727.253978252 -17.044520 -4.548512 0.287468 -0.014896 0.004577 0.999587 0.024142
1783322727.353924513 -17.014775 -4.548582 0.287087 -0.015105 0.004794 0.999433 0.029703
1783322727.453790188 -16.982871 -4.548549 0.286885 -0.014047 0.005499 0.999270 0.035103
1783322727.553675175 -16.953457 -4.549412 0.285780 -0.013553 0.004788 0.999104 0.039805
1783322727.653547525 -16.925645 -4.549796 0.284600 -0.015349 0.004919 0.998907 0.043883
1783322727.753526926 -16.898107 -4.550057 0.283196 -0.016207 0.004930 0.998725 0.047548
1783322727.853422880 -16.870333 -4.549876 0.282371 -0.016043 0.005030 0.998591 0.050342
1783322727.953323841 -16.841553 -4.550993 0.281621 -0.015272 0.003897 0.998536 0.051753
1783322728.054164648 -16.812548 -4.552139 0.280328 -0.015844 0.003672 0.998573 0.050871
1783322728.153335094 -16.782759 -4.553510 0.279414 -0.016569 0.003712 0.998646 0.049178
1783322728.253811359 -16.751047 -4.554475 0.278461 -0.016175 0.003012 0.998723 0.047766
1783322728.353716373 -16.718455 -4.555884 0.277673 -0.016521 0.002809 0.998803 0.045944
1783322728.464745045 -16.681320 -4.556909 0.277096 -0.016856 0.002988 0.998887 0.043942
1783322728.553978920 -16.651725 -4.557691 0.276742 -0.016762 0.003143 0.998939 0.042770
1783322728.653974295 -16.619199 -4.558565 0.276070 -0.017164 0.003226 0.999006 0.041022
1783322728.754022837 -16.587874 -4.559723 0.275600 -0.016923 0.003229 0.999057 0.039864
1783322728.854013205 -16.557629 -4.561057 0.274949 -0.016642 0.003361 0.999095 0.038992
1783322728.954059839 -16.525991 -4.563721 0.274290 -0.017482 0.003374 0.999137 0.037527
1783322729.054084063 -16.491026 -4.567396 0.273726 -0.017977 0.003869 0.999140 0.037166
1783322729.154113531 -16.453228 -4.573379 0.273267 -0.018066 0.003758 0.999087 0.038526
1783322729.254191160 -16.413837 -4.582152 0.272943 -0.018599 0.003861 0.998951 0.041661
1783322729.354240417 -16.372842 -4.593204 0.272676 -0.018627 0.003796 0.998765 0.045901
1783322729.454021215 -16.330405 -4.604794 0.272259 -0.018640 0.003800 0.998553 0.050291
1783322729.554066181 -16.287615 -4.615560 0.271578 -0.018528 0.004261 0.998350 0.054182
1783322729.653802633 -16.247748 -4.625638 0.270881 -0.018564 0.003510 0.998132 0.058103
1783322729.753562212 -16.209432 -4.636202 0.270229 -0.017613 0.003399 0.998022 0.060249
1783322729.853421450 -16.173369 -4.646122 0.269198 -0.017410 0.003200 0.997931 0.061813
1783322729.953359604 -16.139243 -4.655727 0.268105 -0.018260 0.003085 0.997845 0.062940
1783322730.053287745 -16.106062 -4.665255 0.267201 -0.018717 0.002881 0.997797 0.063575
1783322730.153536320 -16.071534 -4.675294 0.266226 -0.018193 0.002597 0.997771 0.064156
1783322730.253423929 -16.035992 -4.685991 0.264789 -0.018439 0.002784 0.997699 0.065184
1783322730.353543997 -15.998075 -4.697311 0.263516 -0.019160 0.003306 0.997664 0.065489
1783322730.453629732 -15.957042 -4.710179 0.262490 -0.019539 0.002948 0.997637 0.065799
1783322730.553719044 -15.913129 -4.722736 0.261644 -0.019127 0.003079 0.997613 0.066273
1783322730.653853893 -15.867728 -4.736134 0.260865 -0.019547 0.003410 0.997594 0.066425
1783322730.753910780 -15.822157 -4.749812 0.259906 -0.019805 0.003517 0.997545 0.067076
1783322730.853959084 -15.777558 -4.764006 0.259195 -0.019924 0.003617 0.997463 0.068244
1783322730.953968763 -15.733956 -4.778403 0.258458 -0.019538 0.004092 0.997363 0.069773
1783322731.053935528 -15.691353 -4.793269 0.257720 -0.019758 0.004290 0.997233 0.071532
1783322731.153891325 -15.649106 -4.807860 0.256914 -0.019643 0.004443 0.997096 0.073450
1783322731.253835917 -15.606831 -4.822738 0.256066 -0.019428 0.004037 0.996986 0.074996
1783322731.353824615 -15.563711 -4.838097 0.254771 -0.019634 0.004485 0.996858 0.076612
1783322731.453777552 -15.518986 -4.854403 0.254355 -0.019430 0.004553 0.996706 0.078608
1783322731.553693295 -15.472867 -4.871928 0.254420 -0.019730 0.004424 0.996552 0.080472
1783322731.653726578 -15.426725 -4.888967 0.254479 -0.019589 0.004948 0.996398 0.082362
1783322731.753720045 -15.382589 -4.905380 0.253357 -0.019397 0.005000 0.996248 0.084189
1783322731.853718281 -15.338227 -4.922208 0.257722 -0.019113 0.005018 0.996087 0.086143
1783322731.953744411 -15.295617 -4.938572 0.256918 -0.019289 0.004936 0.995963 0.087525
1783322732.053749800 -15.284168 -4.928765 0.332475 -0.015965 0.003384 0.996062 0.087141
1783322732.153800249 -15.240552 -4.945699 0.330450 -0.016220 0.003086 0.995939 0.088505
1783322732.253863096 -15.195434 -4.962590 0.328299 -0.016608 0.003398 0.995800 0.089973
1783322732.353897810 -15.149286 -4.979942 0.326258 -0.015401 0.003322 0.995659 0.091736
1783322732.453926325 -15.103228 -4.997243 0.323914 -0.015500 0.003842 0.995519 0.093209
1783322732.553933144 -15.057848 -5.015457 0.322220 -0.015496 0.003812 0.995343 0.095064
1783322732.653933525 -15.012589 -5.034416 0.320956 -0.015531 0.004384 0.995175 0.096780
1783322732.753922939 -14.967731 -5.053859 0.319443 -0.015672 0.004057 0.995007 0.098483
1783322732.853914022 -14.922479 -5.073220 0.318552 -0.015755 0.003850 0.994841 0.100137
1783322732.953853607 -14.877801 -5.091554 0.317364 -0.014932 0.004960 0.994666 0.101946
1783322733.053894043 -14.833587 -5.110245 0.316000 -0.015179 0.004668 0.994520 0.103331
1783322733.153793097 -14.788629 -5.129373 0.314421 -0.014971 0.004776 0.994359 0.104898
1783322733.253831387 -14.742710 -5.149419 0.312606 -0.014883 0.004690 0.994214 0.106281
1783322733.353996754 -14.696327 -5.169614 0.310573 -0.014741 0.004948 0.994051 0.107802
1783322733.453764915 -14.649759 -5.190928 0.308455 -0.015237 0.004829 0.993874 0.109359
1783322733.553794384 -14.602356 -5.212391 0.306313 -0.015217 0.004913 0.993708 0.110852
1783322733.653797626 -14.553503 -5.233992 0.304059 -0.015114 0.005369 0.993556 0.112202
1783322733.753817081 -14.504860 -5.256268 0.301820 -0.015268 0.005181 0.993405 0.113515
1783322733.853828669 -14.456699 -5.278606 0.299903 -0.015295 0.005186 0.993236 0.114982
1783322733.953834057 -14.408978 -5.301088 0.297725 -0.014538 0.005297 0.993073 0.116475
1783322734.053860664 -14.361485 -5.324432 0.296190 -0.015138 0.004547 0.992880 0.118063
1783322734.153939724 -14.313103 -5.347191 0.295117 -0.015660 0.004829 0.992660 0.119822
1783322734.253844023 -14.264524 -5.370127 0.295048 -0.014840 0.005111 0.992463 0.121536
1783322734.353971243 -14.215779 -5.393223 0.294640 -0.014449 0.005156 0.992234 0.123434
1783322734.453821421 -14.165846 -5.416344 0.294600 -0.015801 0.005519 0.992098 0.124343
1783322734.553811789 -14.115922 -5.439686 0.294647 -0.014474 0.005986 0.991963 0.125555
1783322734.654083967 -14.067413 -5.462682 0.294954 -0.014979 0.005890 0.991789 0.126865
1783322734.753775120 -14.018631 -5.484675 0.294953 -0.015171 0.006471 0.991603 0.128266
1783322734.853820801 -13.968112 -5.508537 0.291641 -0.015548 0.006749 0.991426 0.129565
1783322734.954084396 -13.918015 -5.534427 0.286079 -0.014064 0.006094 0.991318 0.130589
1783322735.053724289 -13.869273 -5.559947 0.281573 -0.013184 0.006057 0.991295 0.130854
1783322735.153762102 -13.821240 -5.584617 0.277846 -0.013492 0.005739 0.991262 0.131090
1783322735.253827572 -13.773271 -5.610322 0.274009 -0.012758 0.005108 0.991154 0.132006
1783322735.353964090 -13.725334 -5.634547 0.271098 -0.012763 0.005379 0.991011 0.133062
1783322735.456685543 -13.676296 -5.659472 0.268335 -0.012704 0.005673 0.990882 0.134014
1783322735.553995132 -13.630299 -5.683809 0.266171 -0.013355 0.005716 0.990817 0.134428
1783322735.653934717 -13.580975 -5.708661 0.264330 -0.013334 0.005620 0.990857 0.134139
1783322735.753959894 -13.529723 -5.735016 0.263183 -0.013526 0.005181 0.990783 0.134682
1783322735.853923321 -13.477298 -5.761474 0.261718 -0.013915 0.006366 0.990720 0.135058
1783322735.953973532 -13.423638 -5.787936 0.260489 -0.013400 0.005665 0.990604 0.135985
1783322736.053896904 -13.368723 -5.814260 0.258968 -0.012920 0.006207 0.990554 0.136373
1783322736.153765202 -13.314498 -5.839474 0.258550 -0.012555 0.007958 0.990637 0.135711
1783322736.256852150 -13.258982 -5.866342 0.257704 -0.012200 0.007469 0.990692 0.135368
1783322736.353712082 -13.205056 -5.891777 0.257110 -0.013138 0.007334 0.990742 0.134919
1783322736.453725815 -13.147535 -5.918434 0.255565 -0.013642 0.007554 0.990871 0.133905
1783322736.556432724 -13.085513 -5.945339 0.258131 -0.013747 0.008047 0.991112 0.132071
1783322736.654267550 -13.028269 -5.969460 0.256641 -0.013992 0.007792 0.991490 0.129194
1783322736.753660679 -12.969997 -5.992579 0.255427 -0.014033 0.006994 0.992023 0.125082
1783322736.855319023 -12.910346 -6.013615 0.254014 -0.012798 0.006851 0.992845 0.118522
1783322736.953432322 -12.851188 -6.031148 0.251883 -0.012956 0.006429 0.993866 0.109638
1783322737.054093122 -12.790536 -6.047783 0.249557 -0.014465 0.006194 0.995058 0.098036
1783322737.153478622 -12.730667 -6.063150 0.247777 -0.014908 0.006313 0.996213 0.085426
1783322737.253571749 -12.669968 -6.077607 0.245800 -0.013888 0.005347 0.997181 0.073542
1783322737.353735447 -12.609490 -6.091247 0.243797 -0.014167 0.004553 0.998021 0.061100
1783322737.453916788 -12.548408 -6.103645 0.242325 -0.014358 0.004430 0.998681 0.049102
1783322737.554043531 -12.486238 -6.115503 0.240876 -0.014382 0.004226 0.999218 0.036587
1783322737.654148340 -12.424178 -6.125625 0.240093 -0.014850 0.003738 0.999594 0.024046
1783322737.754245281 -12.362209 -6.134281 0.239325 -0.015221 0.003184 0.999815 0.011309
1783322737.854285955 -12.300137 -6.141344 0.238039 -0.014316 0.002784 0.999893 -0.001001
1783322737.954318762 -12.239580 -6.146450 0.236983 -0.015177 0.002403 0.999802 -0.012643
1783322738.054352045 -12.179274 -6.151231 0.235787 -0.015694 0.002291 0.999582 -0.024191
1783322738.154298782 -12.118533 -6.154889 0.234022 -0.015393 0.002229 0.999263 -0.035103
1783322738.254376650 -12.057367 -6.158438 0.232396 -0.015001 0.001332 0.998855 -0.045402
1783322738.354339600 -11.996701 -6.161999 0.231043 -0.015312 0.001588 0.998401 -0.054399
1783322738.454397917 -11.937110 -6.166748 0.230024 -0.016137 0.001204 0.997918 -0.062429
1783322738.554403067 -11.878484 -6.172093 0.228912 -0.016284 0.001454 0.997472 -0.069152
1783322738.654443741 -11.820167 -6.177280 0.227515 -0.017028 0.001533 0.996988 -0.075650
1783322738.754449606 -11.761441 -6.181372 0.226295 -0.017058 0.001629 0.996539 -0.081339
1783322738.854459524 -11.701777 -6.184206 0.224931 -0.016700 0.002015 0.996044 -0.087257
1783322738.954468966 -11.640879 -6.186697 0.223246 -0.016657 0.002125 0.995528 -0.092961
1783322739.054491997 -11.580566 -6.188509 0.221592 -0.016086 0.002264 0.995086 -0.097669
1783322739.154487610 -11.523106 -6.190209 0.220067 -0.015759 0.002200 0.994652 -0.102050
1783322739.254475355 -11.469616 -6.190448 0.218776 -0.016349 0.002295 0.994153 -0.106715
1783322739.356420517 -11.415644 -6.188919 0.217564 -0.016125 0.002236 0.993539 -0.112321
1783322739.454612970 -11.362934 -6.186006 0.216246 -0.016134 0.002101 0.992848 -0.118271
1783322739.554491997 -11.308583 -6.181260 0.214770 -0.015604 0.002123 0.992133 -0.124195
1783322739.654484272 -11.253714 -6.175792 0.213233 -0.014902 0.001297 0.991346 -0.130419
1783322739.754482508 -11.199167 -6.169534 0.211863 -0.014916 0.001085 0.990452 -0.137041
1783322739.854588032 -11.145508 -6.162756 0.211247 -0.014282 0.001051 0.989640 -0.142857
1783322739.954689980 -11.093830 -6.156244 0.210726 -0.014017 0.000680 0.988880 -0.148049
1783322740.054721594 -11.045066 -6.149530 0.210190 -0.013609 0.000705 0.988161 -0.152814
1783322740.160311460 -10.996469 -6.142517 0.209445 -0.014083 0.000432 0.987259 -0.158499
1783322740.254834414 -10.954069 -6.137027 0.208849 -0.014285 -0.000042 0.986343 -0.164081
1783322740.357886553 -10.907712 -6.130319 0.207967 -0.014557 -0.000106 0.985452 -0.169332
1783322740.456870317 -10.860910 -6.123296 0.206939 -0.014411 0.000327 0.984582 -0.174327
1783322740.554880142 -10.810692 -6.115535 0.205459 -0.014751 0.000467 0.983844 -0.178418
1783322740.654964685 -10.755569 -6.108652 0.203968 -0.015173 0.000559 0.983573 -0.179873
1783322740.758340120 -10.696087 -6.103049 0.202498 -0.015315 0.001134 0.983504 -0.180231
1783322740.855133533 -10.638999 -6.098244 0.201221 -0.015345 0.001460 0.983638 -0.179498
1783322740.955219746 -10.579618 -6.094312 0.199753 -0.015400 0.001538 0.984240 -0.176157
1783322741.055271387 -10.520557 -6.091698 0.198179 -0.015789 0.001776 0.985330 -0.169920
1783322741.155197620 -10.461701 -6.089628 0.196393 -0.015448 0.002263 0.986564 -0.162625
1783322741.255152225 -10.403531 -6.088513 0.194530 -0.015587 0.002081 0.987725 -0.155410
1783322741.354887724 -10.344695 -6.087333 0.192529 -0.015477 0.002247 0.988754 -0.148728
1783322741.454752207 -10.286197 -6.086640 0.191074 -0.014900 0.001697 0.989744 -0.142066
1783322741.554541826 -10.227732 -6.086358 0.189259 -0.014452 0.001975 0.990746 -0.134943
1783322741.654402494 -10.168823 -6.086432 0.187365 -0.014561 0.002389 0.991560 -0.128809
1783322741.754302740 -10.109490 -6.087174 0.185973 -0.015375 0.002833 0.992297 -0.122892
1783322741.854319096 -10.048195 -6.087688 0.184532 -0.014769 0.003003 0.992957 -0.117513
1783322741.954304218 -9.985412 -6.088995 0.182831 -0.015186 0.002656 0.993617 -0.111746
1783322742.054384470 -9.920922 -6.090322 0.180931 -0.014958 0.003223 0.994231 -0.106163
1783322742.154469013 -9.855731 -6.092136 0.179436 -0.014935 0.003160 0.994843 -0.100271
1783322742.254560232 -9.789605 -6.094267 0.177875 -0.015354 0.003153 0.995355 -0.094984
1783322742.354634523 -9.722723 -6.096939 0.176177 -0.015248 0.003546 0.995874 -0.089391
1783322742.454723358 -9.655069 -6.100484 0.174371 -0.015428 0.003527 0.996325 -0.084184
1783322742.554783821 -9.586411 -6.104818 0.172619 -0.015467 0.003210 0.996743 -0.079083
1783322742.657460451 -9.515661 -6.109612 0.171206 -0.015472 0.003248 0.997144 -0.073856
1783322742.755659342 -9.447116 -6.114249 0.169768 -0.015847 0.003254 0.997436 -0.069714
1783322742.854868412 -9.377029 -6.118824 0.168189 -0.015745 0.003552 0.997729 -0.065401
1783322742.954820633 -9.306256 -6.123308 0.166868 -0.015592 0.003835 0.998019 -0.060832
1783322743.054818392 -9.235893 -6.128088 0.165821 -0.016008 0.003825 0.998289 -0.056109
1783322743.154773235 -9.166114 -6.133310 0.164897 -0.015776 0.004173 0.998523 -0.051819
1783322743.257669449 -9.094729 -6.138893 0.163557 -0.015828 0.004288 0.998711 -0.048032
1783322743.354724169 -9.027666 -6.144498 0.162116 -0.016449 0.004679 0.998859 -0.044584
1783322743.454823971 -8.957975 -6.150410 0.160731 -0.016334 0.004552 0.998997 -0.041454
1783322743.557243109 -8.885871 -6.155646 0.159501 -0.016050 0.004418 0.999105 -0.038881
1783322743.654523611 -8.816507 -6.159384 0.157927 -0.016741 0.004427 0.999135 -0.037804
1783322743.754504442 -8.743744 -6.162064 0.156055 -0.017081 0.004643 0.999109 -0.038310
1783322743.854483604 -8.670713 -6.163910 0.153998 -0.016918 0.004686 0.999095 -0.038753
1783322743.954588652 -8.598795 -6.165587 0.151762 -0.017047 0.004367 0.999078 -0.039172
1783322744.054943562 -8.528480 -6.166615 0.149815 -0.017413 0.004996 0.999069 -0.039155
1783322744.154809475 -8.459389 -6.167892 0.148203 -0.017370 0.004615 0.999054 -0.039604
1783322744.254890919 -8.391861 -6.168989 0.147245 -0.017142 0.004871 0.999051 -0.039741
1783322744.354948521 -8.324408 -6.171185 0.145664 -0.017033 0.005011 0.999048 -0.039850
1783322744.455007315 -8.256942 -6.173682 0.144190 -0.016775 0.004604 0.999056 -0.039797
1783322744.554983139 -8.189228 -6.175592 0.142657 -0.017015 0.004897 0.999052 -0.039768
1783322744.654967785 -8.122270 -6.177683 0.141098 -0.017039 0.005139 0.999050 -0.039786
1783322744.754925966 -8.057011 -6.179668 0.139474 -0.017164 0.005333 0.999066 -0.039296
1783322744.854881048 -7.993408 -6.182224 0.137803 -0.017094 0.005175 0.999100 -0.038475
1783322744.954766989 -7.930252 -6.184960 0.135871 -0.017342 0.005466 0.999125 -0.037656
1783322745.054718971 -7.865602 -6.187338 0.133973 -0.017207 0.005864 0.999136 -0.037363
1783322745.154662371 -7.798838 -6.190084 0.132663 -0.017083 0.005791 0.999148 -0.037110
1783322745.255146742 -7.730069 -6.192921 0.131401 -0.016870 0.005751 0.999156 -0.037002
1783322745.354642868 -7.661456 -6.195935 0.130331 -0.016815 0.005741 0.999167 -0.036741
1783322745.454891443 -7.592658 -6.198265 0.129485 -0.015956 0.005851 0.999195 -0.036353
1783322745.554689169 -7.526256 -6.200346 0.128502 -0.016625 0.005738 0.999192 -0.036141
1783322745.654756308 -7.460629 -6.202309 0.127206 -0.015963 0.006205 0.999197 -0.036229
1783322745.756321192 -7.394965 -6.204354 0.125645 -0.015849 0.006113 0.999192 -0.036437
1783322745.854941368 -7.331671 -6.206635 0.124319 -0.015578 0.006049 0.999208 -0.036121
1783322745.955024481 -7.266805 -6.208678 0.122979 -0.015708 0.006129 0.999219 -0.035725
1783322746.055028677 -7.200674 -6.210679 0.121622 -0.015773 0.006032 0.999216 -0.035818
1783322746.155023813 -7.134427 -6.212308 0.120057 -0.015599 0.006265 0.999201 -0.036251
1783322746.254992247 -7.069410 -6.213578 0.118468 -0.016128 0.005934 0.999158 -0.037251
1783322746.354957104 -7.005773 -6.213991 0.116856 -0.016278 0.006044 0.999119 -0.038206
1783322746.454939127 -6.942171 -6.213179 0.115347 -0.016537 0.005975 0.999059 -0.039643
1783322746.554914236 -6.878081 -6.211614 0.113864 -0.016389 0.006161 0.998990 -0.041389
1783322746.654914618 -6.813141 -6.209540 0.112406 -0.016123 0.005986 0.998897 -0.043702
1783322746.756544352 -6.746511 -6.207082 0.111046 -0.016547 0.005567 0.998774 -0.046323
1783322746.855956554 -6.681763 -6.203801 0.109731 -0.016648 0.005421 0.998657 -0.048765
1783322746.954745054 -6.617877 -6.199095 0.107933 -0.017022 0.006055 0.998466 -0.052340
1783322747.054695368 -6.554131 -6.192410 0.106882 -0.016739 0.006229 0.998138 -0.058318
1783322747.154709578 -6.492090 -6.183810 0.105912 -0.016732 0.005808 0.997707 -0.065329
1783322747.254695654 -6.431632 -6.174026 0.105106 -0.016307 0.005408 0.997264 -0.071892
1783322747.355162144 -6.373238 -6.163194 0.104467 -0.015732 0.005499 0.996763 -0.078644
1783322747.454804420 -6.318909 -6.151749 0.103727 -0.016073 0.005446 0.996125 -0.086292
1783322747.554870844 -6.266161 -6.139587 0.103233 -0.016580 0.005093 0.995313 -0.095136
1783322747.654971123 -6.213972 -6.127243 0.102744 -0.016612 0.004908 0.994332 -0.104901
1783322747.755011797 -6.162343 -6.114364 0.101829 -0.016597 0.004592 0.993203 -0.115118
1783322747.855108261 -6.111129 -6.100386 0.101122 -0.016734 0.004308 0.991872 -0.126062
1783322747.956120491 -6.060859 -6.085296 0.100397 -0.016700 0.004138 0.990361 -0.137439
1783322748.055134773 -6.013136 -6.070160 0.099684 -0.017495 0.003886 0.988714 -0.148742
1783322748.156329155 -5.965034 -6.053472 0.099165 -0.017281 0.004155 0.986693 -0.161622
1783322748.255133390 -5.919302 -6.037840 0.097962 -0.017679 0.002880 0.984574 -0.174050
1783322748.355069637 -5.873345 -6.020520 0.096804 -0.017935 0.002527 0.982192 -0.187007
1783322748.454989672 -5.827657 -6.002560 0.095898 -0.018063 0.001930 0.979596 -0.200156
1783322748.554916143 -5.782073 -5.983477 0.094777 -0.018256 0.001546 0.976517 -0.214659
1783322748.654819965 -5.737070 -5.963631 0.093761 -0.018032 0.001153 0.972952 -0.230301
1783322748.754766703 -5.693564 -5.943178 0.092875 -0.018366 0.000472 0.968655 -0.247731
1783322748.855287313 -5.652279 -5.923123 0.091780 -0.018277 0.000116 0.963782 -0.266063
1783322748.955006123 -5.614151 -5.903852 0.090908 -0.018038 -0.000142 0.958438 -0.284730
1783322749.054864407 -5.578407 -5.886281 0.090247 -0.017588 -0.000802 0.952743 -0.303268
1783322749.168717623 -5.539576 -5.868443 0.089235 -0.017325 -0.001370 0.946076 -0.323480
1783322749.255037785 -5.510486 -5.855120 0.088494 -0.017320 -0.001757 0.940709 -0.338767
1783322749.355188370 -5.476796 -5.840007 0.087999 -0.016746 -0.002815 0.934234 -0.356257
1783322749.455258369 -5.445601 -5.825173 0.087254 -0.015608 -0.002482 0.927931 -0.372416
1783322749.555385828 -5.416847 -5.811243 0.085827 -0.016914 -0.004148 0.921497 -0.387994
1783322749.655433655 -5.389569 -5.796411 0.084943 -0.016727 -0.003665 0.914930 -0.403250
1783322749.755442142 -5.365744 -5.782811 0.084097 -0.016563 -0.004355 0.908712 -0.417072
1783322749.855503798 -5.344608 -5.769202 0.083330 -0.016652 -0.004377 0.902319 -0.430724
1783322749.955571890 -5.324861 -5.756311 0.082639 -0.016390 -0.005104 0.895698 -0.444332
1783322750.055241108 -5.307460 -5.744792 0.081873 -0.016006 -0.005631 0.888551 -0.458465
1783322750.156826735 -5.292090 -5.733711 0.081098 -0.015612 -0.005655 0.880722 -0.473342
1783322750.255006552 -5.279163 -5.724543 0.080375 -0.015832 -0.006120 0.872754 -0.487866
1783322750.354913950 -5.267629 -5.716052 0.079816 0.015366 0.006434 -0.864288 0.502722
1783322750.454792261 -5.258472 -5.708264 0.079103 0.014930 0.007045 -0.854900 0.518530
1783322750.554807901 -5.251537 -5.700962 0.078460 0.014819 0.007223 -0.845074 0.534395
1783322750.654978275 -5.245185 -5.694393 0.077865 0.014408 0.007718 -0.836247 0.548109
1783322750.755107641 -5.240444 -5.689272 0.077396 0.014423 0.008237 -0.828469 0.559788
1783322750.855235577 -5.237281 -5.684739 0.076976 0.014645 0.008639 -0.820870 0.570862
1783322750.955357790 -5.233746 -5.679642 0.076802 0.014723 0.009036 -0.813417 0.581424
1783322751.055524588 -5.229266 -5.673922 0.076871 0.014709 0.009622 -0.806641 0.590781
1783322751.155381918 -5.224986 -5.667318 0.077033 0.015074 0.010024 -0.799270 0.600699
1783322751.255239725 -5.220009 -5.660694 0.077235 0.015170 0.010528 -0.790758 0.611850
1783322751.354955673 -5.214540 -5.653801 0.077395 0.015264 0.011135 -0.780002 0.625492
1783322751.454728127 -5.208541 -5.645947 0.077496 0.015404 0.011969 -0.766440 0.642020
1783322751.554632425 -5.202135 -5.637477 0.077589 0.015436 0.012361 -0.751648 0.659268
1783322751.654607058 -5.195775 -5.629159 0.077587 0.015192 0.012854 -0.736653 0.675979
1783322751.754784107 -5.188858 -5.622417 0.077666 0.015131 0.013342 -0.723128 0.690420
1783322751.854991198 -5.181955 -5.617097 0.077562 0.015191 0.013645 -0.710660 0.703239
1783322751.955262661 -5.175503 -5.612691 0.077505 0.014926 0.014283 -0.697896 0.715901
1783322752.055813789 -5.168763 -5.610233 0.077408 0.014581 0.014789 -0.685889 0.727409
1783322752.155529261 -5.161654 -5.610446 0.077194 0.014334 0.015229 -0.673347 0.739031
1783322752.255593538 -5.153530 -5.615089 0.076792 0.014135 0.015615 -0.659938 0.751024
1783322752.355421305 -5.143705 -5.622953 0.076199 0.013208 0.016054 -0.644536 0.764291
1783322752.455343246 -5.132217 -5.634222 0.075204 0.013362 0.016461 -0.628168 0.777789
1783322752.556904554 -5.119389 -5.648783 0.074389 0.012892 0.017132 -0.611268 0.791133
1783322752.655127048 -5.109855 -5.664026 0.073264 0.012833 0.016129 -0.593383 0.804656
1783322752.755129576 -5.100545 -5.680369 0.072685 0.013169 0.015986 -0.575154 0.817783
1783322752.855266333 -5.091911 -5.694596 0.072039 0.012140 0.017260 -0.558568 0.829190
1783322752.955429077 -5.084619 -5.706357 0.071445 0.011930 0.017489 -0.544590 0.838435
1783322753.055656195 -5.078424 -5.716340 0.070931 0.011292 0.017349 -0.533409 0.845604
1783322753.155877113 -5.073951 -5.724646 0.070345 0.010961 0.017917 -0.525194 0.850723
1783322753.255997181 -5.070700 -5.730606 0.070344 0.010803 0.018054 -0.519196 0.854396
1783322753.356123686 -5.068680 -5.734973 0.070351 0.010748 0.018170 -0.515475 0.856644
1783322753.456141472 -5.067410 -5.737707 0.070351 0.010689 0.018469 -0.513702 0.857703
1783322753.556131840 -5.067182 -5.738925 0.070456 0.010749 0.018503 -0.513567 0.857783
1783322753.655946970 -5.066919 -5.738299 0.075378 0.010827 0.018626 -0.514849 0.857010
1783322753.756207228 -5.067523 -5.737884 0.075411 0.010922 0.018621 -0.515822 0.856424
1783322753.855502605 -5.067475 -5.737770 0.075433 0.011035 0.018772 -0.516400 0.856071
1783322753.955278873 -5.067815 -5.737473 0.075414 0.011108 0.018801 -0.517003 0.855705
1783322754.055261612 -5.068161 -5.737303 0.075348 0.011191 0.018836 -0.517497 0.855405
1783322754.154985189 -5.068333 -5.737411 0.075271 0.011248 0.018882 -0.517830 0.855201
1783322754.254913807 -5.068436 -5.737377 0.075160 0.011289 0.018911 -0.518208 0.854971
1783322754.354876757 -5.068552 -5.737297 0.075047 0.011334 0.018918 -0.518372 0.854871
1783322754.454914570 -5.068613 -5.736772 0.075027 0.011367 0.018840 -0.518699 0.854674
1783322754.554986954 -5.068054 -5.736509 0.075142 0.011366 0.018959 -0.518914 0.854540
1783322754.655075312 -5.067820 -5.736466 0.075250 0.011451 0.018877 -0.518959 0.854514
1783322754.755098104 -5.067766 -5.736328 0.075444 0.011254 0.018640 -0.519080 0.854448
1783322754.855200529 -5.067776 -5.736762 0.075470 0.011341 0.018801 -0.519265 0.854331
1783322754.955228090 -5.067854 -5.736738 0.075528 0.011277 0.018631 -0.519284 0.854324
1783322755.055273533 -5.067964 -5.737354 0.075563 0.011406 0.018626 -0.519348 0.854284
1783322755.155326128 -5.067854 -5.737373 0.075577 0.011327 0.018494 -0.519377 0.854270
1783322755.255292177 -5.067629 -5.737449 0.075527 0.011414 0.018489 -0.519458 0.854220
1783322755.355306625 -5.067357 -5.737058 0.075591 0.011371 0.018348 -0.519452 0.854227
1783322755.455472946 -5.067055 -5.736871 0.075638 0.011426 0.018293 -0.519483 0.854208
1783322755.555271626 -5.066999 -5.736646 0.075691 0.011407 0.018176 -0.519510 0.854195
1783322755.655256033 -5.067237 -5.736808 0.075709 0.011462 0.018107 -0.519545 0.854174
1783322755.755208015 -5.067652 -5.737126 0.075753 0.011485 0.018001 -0.519570 0.854161
1783322755.855225801 -5.068046 -5.737330 0.075827 0.011536 0.017933 -0.519578 0.854157
1783322755.955260038 -5.068342 -5.737432 0.075849 0.011557 0.017846 -0.519607 0.854141
1783322756.055235147 -5.068498 -5.737363 0.075862 0.011585 0.017813 -0.519622 0.854132
1783322756.155218601 -5.068604 -5.737026 0.075831 0.011612 0.017769 -0.519648 0.854117
1783322756.255277395 -5.068584 -5.736460 0.075650 0.011649 0.017753 -0.519654 0.854113
1783322756.355309010 -5.068551 -5.736027 0.075430 0.011678 0.017757 -0.519643 0.854119
1783322756.455322504 -5.068803 -5.735937 0.075024 0.011918 0.017767 -0.519638 0.854118
1783322756.555395126 -5.068925 -5.735441 0.074501 0.011989 0.018129 -0.519550 0.854164
1783322756.655377388 -5.070002 -5.735507 0.074024 0.011975 0.017919 -0.519662 0.854100
1783322756.755368948 -5.070974 -5.735179 0.073506 0.011873 0.017987 -0.519713 0.854069
1783322756.855417013 -5.071762 -5.735132 0.073046 0.011851 0.018103 -0.519744 0.854048
1783322756.955365658 -5.072396 -5.734680 0.072524 0.011911 0.018341 -0.519731 0.854050
1783322757.055335283 -5.073302 -5.734443 0.071873 0.011990 0.018488 -0.519817 0.853993
1783322757.155336618 -5.073945 -5.733897 0.071397 0.011680 0.018694 -0.519780 0.854016
1783322757.255324364 -5.074726 -5.733787 0.070842 0.011621 0.018781 -0.519799 0.854003
1783322757.355305195 -5.075523 -5.733505 0.070945 0.011421 0.019063 -0.519844 0.853972
1783322757.455302238 -5.076254 -5.733708 0.071080 0.011331 0.019269 -0.519840 0.853971
1783322757.555304766 -5.076742 -5.733725 0.071256 0.011222 0.019442 -0.519843 0.853967
1783322757.655345201 -5.076729 -5.733862 0.071355 0.011161 0.019574 -0.519868 0.853949
1783322757.755346298 -5.074998 -5.733460 0.076165 0.011126 0.019661 -0.519870 0.853947
1783322757.855365515 -5.074403 -5.733400 0.076253 0.011110 0.019714 -0.519887 0.853935
1783322757.955398798 -5.073645 -5.733363 0.076332 0.011081 0.019647 -0.519868 0.853949
1783322758.055413008 -5.072496 -5.733524 0.076323 0.011123 0.019543 -0.519863 0.853954
1783322758.155978441 -5.071022 -5.733894 0.076206 0.011177 0.019377 -0.519859 0.853959
1783322758.255397320 -5.069542 -5.734439 0.076232 0.011256 0.019142 -0.519829 0.853982
1783322758.355427504 -5.067919 -5.734992 0.076235 0.011328 0.018893 -0.519772 0.854021
1783322758.455410719 -5.066195 -5.735502 0.076176 0.011406 0.018596 -0.519727 0.854054
1783322758.555435896 -5.064239 -5.735796 0.076169 0.011492 0.018309 -0.519710 0.854069
1783322758.655436277 -5.062144 -5.735880 0.076195 0.011565 0.018055 -0.519671 0.854098
1783322758.755457163 -5.059947 -5.735868 0.076163 0.011638 0.017843 -0.519631 0.854125
1783322758.855451822 -5.057841 -5.735842 0.076136 0.011695 0.017722 -0.519587 0.854153
1783322758.955441952 -5.056079 -5.736004 0.076169 0.011705 0.017627 -0.519580 0.854160
1783322759.055423975 -5.054648 -5.736269 0.076196 0.011708 0.017544 -0.519572 0.854166
1783322759.155434608 -5.053710 -5.736756 0.076190 0.011725 0.017529 -0.519557 0.854176
1783322759.255433559 -5.053163 -5.737188 0.076119 0.011728 0.017509 -0.519531 0.854192
1783322759.355476379 -5.052856 -5.737394 0.076029 0.011731 0.017526 -0.519524 0.854196
1783322759.455494165 -5.052506 -5.737486 0.075925 0.011748 0.017559 -0.519509 0.854204
1783322759.555563927 -5.052042 -5.737353 0.075833 0.011773 0.017584 -0.519497 0.854210
1783322759.655472279 -5.051703 -5.737146 0.075628 0.011785 0.017624 -0.519497 0.854209
1783322759.755528212 -5.051674 -5.737044 0.075458 0.011791 0.017666 -0.519499 0.854207
1783322759.855493784 -5.051914 -5.737142 0.075266 0.011805 0.017695 -0.519504 0.854203
1783322759.955504656 -5.052341 -5.737410 0.075111 0.011823 0.017759 -0.519495 0.854207
1783322760.055539608 -5.053023 -5.737800 0.074915 0.011835 0.017826 -0.519476 0.854217
1783322760.155518293 -5.053958 -5.738124 0.074752 0.011838 0.017898 -0.519472 0.854218
1783322760.255491495 -5.055167 -5.738189 0.074562 0.011827 0.017986 -0.519486 0.854207
1783322760.355520248 -5.056419 -5.738179 0.074369 0.011794 0.018081 -0.519481 0.854209
1783322760.455542326 -5.057589 -5.738144 0.074074 0.011755 0.018204 -0.519487 0.854203
1783322760.555547953 -5.058947 -5.738138 0.073738 0.011690 0.018332 -0.519496 0.854196
1783322760.655581236 -5.060675 -5.738395 0.073356 0.011628 0.018476 -0.519512 0.854184
1783322760.755556107 -5.062572 -5.738823 0.072888 0.011585 0.018584 -0.519510 0.854184
1783322760.855576277 -5.064417 -5.739253 0.072352 0.011522 0.018653 -0.519521 0.854176
1783322760.955534220 -5.066143 -5.739576 0.071869 0.011471 0.018717 -0.519530 0.854170
1783322761.055884838 -5.067765 -5.739638 0.071363 0.011426 0.018747 -0.519538 0.854165
1783322761.155530214 -5.069217 -5.739475 0.070936 0.011386 0.018756 -0.519550 0.854158
1783322761.257178068 -5.070396 -5.739192 0.070559 0.011318 0.018756 -0.519545 0.854162
1783322761.357586622 -5.070440 -5.738823 0.071279 0.011411 0.018647 -0.519550 0.854161
1783322761.455525160 -5.071175 -5.738722 0.070728 0.011353 0.018639 -0.519549 0.854162
1783322761.555555820 -5.071503 -5.738651 0.070728 0.011386 0.018552 -0.519542 0.854167
1783322761.655776978 -5.070950 -5.738513 0.075317 0.011436 0.018433 -0.519568 0.854154
1783322761.755541086 -5.071400 -5.738721 0.075299 0.011457 0.018331 -0.519560 0.854161
1783322761.855534315 -5.071632 -5.738800 0.075218 0.011456 0.018284 -0.519571 0.854155
1783322761.955577850 -5.071600 -5.738661 0.075258 0.011463 0.018251 -0.519584 0.854148
1783322762.055544138 -5.071453 -5.738319 0.075317 0.011460 0.018244 -0.519579 0.854151
1783322762.155547619 -5.071052 -5.737951 0.075379 0.011467 0.018251 -0.519572 0.854155
1783322762.256210566 -5.070416 -5.737806 0.075387 0.011468 0.018265 -0.519578 0.854151
1783322762.355550528 -5.069873 -5.737857 0.075404 0.011464 0.018313 -0.519568 0.854156
1783322762.455515385 -5.069547 -5.738086 0.075305 0.011471 0.018363 -0.519584 0.854145
1783322762.555526733 -5.069459 -5.738462 0.075247 0.011471 0.018413 -0.519585 0.854144
1783322762.656817198 -5.069319 -5.738692 0.075257 0.011472 0.018443 -0.519584 0.854143
1783322762.756324291 -5.069114 -5.738739 0.075319 0.011473 0.018493 -0.519581 0.854144
1783322762.855440855 -5.068740 -5.738588 0.075306 0.011480 0.018529 -0.519581 0.854143
1783322762.955432177 -5.068344 -5.738360 0.075295 0.011481 0.018560 -0.519577 0.854145
1783322763.055403233 -5.068004 -5.738144 0.075232 0.011478 0.018579 -0.519582 0.854141
1783322763.155426979 -5.067774 -5.738170 0.075237 0.011490 0.018581 -0.519594 0.854134
1783322763.255419731 -5.067635 -5.738413 0.075219 0.011492 0.018579 -0.519582 0.854141
1783322763.355412960 -5.067672 -5.738704 0.075193 0.011510 0.018567 -0.519578 0.854144
1783322763.455480099 -5.067857 -5.738983 0.075217 0.011527 0.018552 -0.519578 0.854144
1783322763.555443048 -5.068059 -5.739048 0.075311 0.011576 0.018552 -0.519594 0.854134
1783322763.655432701 -5.068160 -5.738852 0.075513 0.011617 0.018517 -0.519591 0.854135
1783322763.755442619 -5.068077 -5.738502 0.075642 0.011618 0.018493 -0.519591 0.854136
1783322763.855518103 -5.067969 -5.738120 0.075751 0.011614 0.018459 -0.519585 0.854141
1783322763.955516577 -5.067913 -5.737976 0.075823 0.011620 0.018430 -0.519582 0.854143
1783322764.055506706 -5.067906 -5.738037 0.075782 0.011627 0.018387 -0.519578 0.854146
1783322764.156427622 -5.067918 -5.738350 0.075690 0.011636 0.018365 -0.519576 0.854147
1783322764.255516529 -5.067978 -5.738664 0.075486 0.011655 0.018344 -0.519593 0.854138
1783322764.356950283 -5.068179 -5.738770 0.075229 0.011660 0.018300 -0.519600 0.854134
1783322764.455500841 -5.068360 -5.738767 0.074997 0.011663 0.018263 -0.519600 0.854135
1783322764.555522919 -5.068181 -5.738626 0.074702 0.011654 0.018266 -0.519591 0.854140
1783322764.655609846 -5.067779 -5.738400 0.074249 0.011647 0.018271 -0.519579 0.854147
1783322764.755477667 -5.067743 -5.738212 0.075483 0.011495 0.018417 -0.519581 0.854145
1783322764.855394840 -5.067531 -5.738082 0.075305 0.011486 0.018440 -0.519573 0.854150
1783322764.955403090 -5.067544 -5.738159 0.075289 0.011483 0.018481 -0.519570 0.854151
1783322765.055354834 -5.067703 -5.738415 0.075269 0.011470 0.018519 -0.519575 0.854147
1783322765.155302763 -5.067890 -5.738651 0.075285 0.011477 0.018556 -0.519571 0.854149
1783322765.255281210 -5.068142 -5.738616 0.075309 0.011467 0.018591 -0.519584 0.854140
1783322765.355326414 -5.068371 -5.738460 0.075418 0.011477 0.018647 -0.519589 0.854135
1783322765.455288887 -5.068267 -5.738325 0.075480 0.011480 0.018682 -0.519593 0.854132
1783322765.555246115 -5.068140 -5.738239 0.075596 0.011519 0.018704 -0.519591 0.854133
1783322765.655231476 -5.068093 -5.738332 0.075567 0.011546 0.018701 -0.519589 0.854134
1783322765.755277157 -5.068029 -5.738610 0.075506 0.011563 0.018705 -0.519579 0.854140
1783322765.855271101 -5.068094 -5.738887 0.075469 0.011578 0.018707 -0.519575 0.854142
1783322765.955240011 -5.068120 -5.739094 0.075405 0.011608 0.018665 -0.519579 0.854139
1783322766.055224895 -5.068116 -5.739116 0.075278 0.011618 0.018628 -0.519567 0.854148
1783322766.155202866 -5.068114 -5.738850 0.075272 0.011653 0.018574 -0.519555 0.854156
1783322766.255262613 -5.068084 -5.738417 0.075293 0.011689 0.018517 -0.519562 0.854152
1783322766.355279446 -5.067904 -5.738160 0.075278 0.011701 0.018446 -0.519575 0.854145
1783322766.455314398 -5.067779 -5.737962 0.075361 0.011748 0.018401 -0.519567 0.854151
1783322766.555279016 -5.067834 -5.737950 0.075438 0.011754 0.018344 -0.519576 0.854147
1783322766.655698776 -5.068052 -5.738159 0.075473 0.011764 0.018304 -0.519566 0.854153
1783322766.755294800 -5.068371 -5.738330 0.075512 0.011776 0.018274 -0.519571 0.854151
1783322766.855318785 -5.068595 -5.738420 0.075604 0.011754 0.018236 -0.519567 0.854154
1783322766.955299139 -5.068750 -5.738344 0.075638 0.011740 0.018210 -0.519562 0.854158
1783322767.055299997 -5.068804 -5.738068 0.075752 0.011712 0.018199 -0.519554 0.854163
1783322767.155252457 -5.068763 -5.737710 0.075816 0.011687 0.018229 -0.519558 0.854161
1783322767.255273342 -5.068487 -5.737493 0.075824 0.011661 0.018276 -0.519564 0.854157
1783322767.355286121 -5.068265 -5.737548 0.075776 0.011617 0.018285 -0.519580 0.854147
1783322767.455281734 -5.068140 -5.737812 0.075688 0.011572 0.018340 -0.519586 0.854143
1783322767.555320501 -5.068104 -5.738166 0.075628 0.011530 0.018382 -0.519588 0.854141
1783322767.655399323 -5.068105 -5.738376 0.075594 0.011507 0.018450 -0.519584 0.854143
1783322767.755391836 -5.067976 -5.738464 0.075493 0.011491 0.018507 -0.519583 0.854142
1783322767.855412960 -5.067719 -5.738347 0.075396 0.011478 0.018543 -0.519575 0.854146
1783322767.955961227 -5.067685 -5.738271 0.075232 0.011448 0.018612 -0.519582 0.854141
1783322768.055399656 -5.067466 -5.738149 0.075247 0.011447 0.018650 -0.519577 0.854143
1783322768.155423403 -5.067272 -5.738081 0.075202 0.011440 0.018650 -0.519574 0.854145
1783322768.255442858 -5.067284 -5.738209 0.075168 0.011442 0.018630 -0.519584 0.854140
1783322768.355483294 -5.067364 -5.738396 0.075134 0.011436 0.018606 -0.519584 0.854140
1783322768.455508947 -5.067542 -5.738571 0.075187 0.011457 0.018588 -0.519590 0.854137
1783322768.555508137 -5.067796 -5.738622 0.075319 0.011470 0.018555 -0.519581 0.854142
1783322768.655599594 -5.068082 -5.738419 0.075481 0.011483 0.018535 -0.519591 0.854137
1783322768.755500317 -5.068212 -5.738176 0.075624 0.011478 0.018536 -0.519588 0.854139
1783322768.855645895 -5.068345 -5.738014 0.075723 0.011500 0.018514 -0.519590 0.854138
1783322768.955435514 -5.068431 -5.737961 0.075734 0.011504 0.018491 -0.519583 0.854143
1783322769.055592299 -5.068484 -5.737990 0.075659 0.011500 0.018447 -0.519581 0.854145
1783322769.155416012 -5.068644 -5.738270 0.075616 0.011509 0.018439 -0.519586 0.854142
1783322769.255419254 -5.068937 -5.738565 0.075584 0.011499 0.018429 -0.519574 0.854149
1783322769.355392694 -5.069277 -5.738622 0.075532 0.011496 0.018446 -0.519587 0.854141
1783322769.455401659 -5.069578 -5.738510 0.075533 0.011473 0.018452 -0.519601 0.854133
1783322769.555411816 -5.069641 -5.738284 0.075530 0.011463 0.018488 -0.519602 0.854131
1783322769.655410767 -5.069566 -5.737909 0.075340 0.011448 0.018487 -0.519607 0.854128
1783322769.755670786 -5.069457 -5.737670 0.075413 0.011422 0.018498 -0.519602 0.854132
1783322769.855452538 -5.069292 -5.737556 0.075452 0.011422 0.018482 -0.519592 0.854138
1783322769.955805540 -5.069038 -5.737507 0.075459 0.011427 0.018489 -0.519595 0.854136
1783322770.056679487 -5.068853 -5.737536 0.075448 0.011416 0.018512 -0.519594 0.854136
1783322770.155448675 -5.068617 -5.737689 0.075496 0.011419 0.018545 -0.519593 0.854137
1783322770.255396843 -5.068314 -5.737728 0.075489 0.011441 0.018557 -0.519590 0.854138
1783322770.355505228 -5.068030 -5.737699 0.075483 0.011443 0.018577 -0.519580 0.854143
1783322770.455391884 -5.067612 -5.737660 0.075471 0.011453 0.018611 -0.519589 0.854137
1783322770.555436373 -5.067067 -5.737630 0.075453 0.011483 0.018659 -0.519588 0.854136
1783322770.655413389 -5.066656 -5.737711 0.075411 0.011488 0.018687 -0.519592 0.854133
1783322770.755428076 -5.066476 -5.737914 0.075353 0.011504 0.018733 -0.519585 0.854136
1783322770.855440617 -5.066512 -5.738196 0.075319 0.011484 0.018744 -0.519589 0.854134
1783322770.955385447 -5.066566 -5.738538 0.075401 0.011476 0.018762 -0.519585 0.854136
1783322771.055372715 -5.066639 -5.738839 0.075387 0.011454 0.018751 -0.519582 0.854138
1783322771.155341148 -5.066743 -5.738875 0.075446 0.011434 0.018763 -0.519583 0.854137
1783322771.255312443 -5.066968 -5.738682 0.075540 0.011436 0.018772 -0.519585 0.854136
1783322771.355400801 -5.067111 -5.738500 0.075680 0.011397 0.018757 -0.519573 0.854144
1783322771.455298185 -5.067113 -5.738433 0.075698 0.011373 0.018768 -0.519575 0.854143
1783322771.555294514 -5.067221 -5.738432 0.075651 0.011327 0.018772 -0.519582 0.854139
1783322771.655751228 -5.067397 -5.738626 0.075581 0.011294 0.018759 -0.519562 0.854152
1783322771.755240917 -5.067524 -5.738814 0.075472 0.011258 0.018719 -0.519574 0.854146
1783322771.855230570 -5.067469 -5.738889 0.075429 0.011251 0.018649 -0.519578 0.854145
1783322771.955235958 -5.067082 -5.738759 0.075321 0.011255 0.018593 -0.519578 0.854146
1783322772.055214405 -5.066585 -5.738393 0.075277 0.011274 0.018491 -0.519575 0.854150
1783322772.155245066 -5.065934 -5.737897 0.075255 0.011340 0.018347 -0.519583 0.854148
1783322772.255232573 -5.065114 -5.737543 0.075152 0.011434 0.018180 -0.519582 0.854151
1783322772.355180025 -5.064260 -5.737345 0.075015 0.011545 0.017991 -0.519586 0.854151
1783322772.455239058 -5.063518 -5.737247 0.074751 0.011663 0.017832 -0.519589 0.854150
1783322772.555212021 -5.063062 -5.737329 0.074443 0.011762 0.017695 -0.519589 0.854152
1783322772.655205488 -5.062777 -5.737333 0.073992 0.011863 0.017627 -0.519596 0.854148
1783322772.755222797 -5.062727 -5.737118 0.073451 0.011939 0.017641 -0.519613 0.854136
1783322772.855217457 -5.062738 -5.736735 0.072955 0.011990 0.017690 -0.519653 0.854110
1783322772.955224037 -5.063043 -5.736263 0.072557 0.012011 0.017780 -0.519672 0.854096
1783322773.055212259 -5.063490 -5.735903 0.072049 0.011986 0.017918 -0.519662 0.854100
1783322773.155200958 -5.064082 -5.735787 0.071417 0.011923 0.018095 -0.519664 0.854096
1783322773.255183697 -5.064964 -5.735987 0.070805 0.011786 0.018322 -0.519647 0.854103
1783322773.355190277 -5.064670 -5.735821 0.075483 0.011725 0.018545 -0.519690 0.854073
1783322773.455543280 -5.065659 -5.736074 0.075464 0.011633 0.018728 -0.519705 0.854061
1783322773.555215359 -5.066535 -5.736312 0.075428 0.011571 0.018880 -0.519763 0.854024
1783322773.655188084 -5.067237 -5.736337 0.075503 0.011489 0.018968 -0.519777 0.854014
1783322773.755195141 -5.067716 -5.736310 0.075534 0.011455 0.018978 -0.519779 0.854013
1783322773.855509281 -5.068105 -5.736276 0.075517 0.011446 0.018950 -0.519788 0.854008
1783322773.956306458 -5.068431 -5.736266 0.075450 0.011414 0.018866 -0.519782 0.854014
1783322774.055165529 -5.068576 -5.736477 0.075379 0.011422 0.018753 -0.519779 0.854018
1783322774.155200720 -5.068660 -5.736944 0.075286 0.011415 0.018638 -0.519798 0.854010
1783322774.255200863 -5.068834 -5.737536 0.075332 0.011405 0.018535 -0.519814 0.854002
1783322774.355152845 -5.069043 -5.738026 0.075472 0.011391 0.018441 -0.519846 0.853985
1783322774.455301046 -5.069240 -5.738339 0.075669 0.011379 0.018354 -0.519892 0.853959
1783322774.555253744 -5.069158 -5.738425 0.075872 0.011366 0.018282 -0.519950 0.853925
1783322774.655282021 -5.068992 -5.738360 0.076029 0.011327 0.018220 -0.520014 0.853888
1783322774.755330324 -5.068815 -5.738277 0.076141 0.011272 0.018175 -0.520081 0.853849
1783322774.855430841 -5.068878 -5.738317 0.076239 0.011197 0.018158 -0.520198 0.853779
1783322774.955404043 -5.069138 -5.738515 0.076275 0.011081 0.018134 -0.520317 0.853709
1783322775.055421352 -5.069431 -5.738750 0.076252 0.010971 0.018131 -0.520492 0.853603
1783322775.155366421 -5.069730 -5.739014 0.076154 0.010847 0.018141 -0.520680 0.853490
1783322775.255346298 -5.069909 -5.739070 0.075940 0.010707 0.018154 -0.520913 0.853349
1783322775.355309725 -5.070041 -5.738672 0.075775 0.010534 0.018187 -0.521191 0.853181
1783322775.455296040 -5.069919 -5.737995 0.075600 0.010378 0.018241 -0.521523 0.852979
1783322775.555246115 -5.069511 -5.737078 0.075384 0.010252 0.018292 -0.521952 0.852717
1783322775.655243158 -5.069082 -5.735833 0.075061 0.010094 0.018386 -0.522591 0.852326
1783322775.755238056 -5.068940 -5.734338 0.074784 0.009967 0.018396 -0.523379 0.851843
1783322775.855239153 -5.068261 -5.732314 0.074318 0.009870 0.018592 -0.524037 0.851435
1783322775.955265045 -5.067832 -5.728964 0.073797 0.010059 0.018579 -0.525437 0.850570
1783322776.055378675 -5.067904 -5.722902 0.073578 0.010094 0.018781 -0.528316 0.848780
1783322776.155460358 -5.067772 -5.713255 0.073207 0.010032 0.018437 -0.532723 0.846029
1783322776.255822897 -5.068688 -5.700122 0.072755 0.010352 0.018819 -0.537369 0.843074
1783322776.355490685 -5.070281 -5.683130 0.072465 0.010666 0.018780 -0.541447 0.840457
1783322776.455710173 -5.070034 -5.662808 0.072211 0.011401 0.017955 -0.547583 0.836481
1783322776.555618048 -5.065556 -5.638404 0.071889 0.011848 0.018078 -0.556211 0.830760
1783322776.655785084 -5.059430 -5.609407 0.071757 0.012712 0.017259 -0.564821 0.824935
1783322776.755743742 -5.049841 -5.575873 0.071610 0.013183 0.016917 -0.574596 0.818156
1783322776.855655909 -5.038466 -5.538068 0.071532 0.013889 0.017059 -0.585520 0.810360
1783322776.958076477 -5.025269 -5.497224 0.072543 0.013909 0.018514 -0.596966 0.801932
1783322777.055759430 -5.013092 -5.456224 0.071995 0.014514 0.016722 -0.608551 0.793206
1783322777.157788277 -5.000179 -5.411871 0.071417 0.014167 0.016066 -0.619940 0.784357
1783322777.255277872 -4.986348 -5.369386 0.070576 0.014088 0.015820 -0.630598 0.775820
1783322777.355994701 -4.971912 -5.325810 0.069475 0.014875 0.015418 -0.641789 0.766582
1783322777.455036163 -4.956946 -5.283255 0.068847 0.015125 0.015929 -0.652011 0.757891
1783322777.555002213 -4.941772 -5.239944 0.068162 0.015526 0.015467 -0.661976 0.749205
1783322777.655228615 -4.924801 -5.196327 0.067684 0.015049 0.015754 -0.671741 0.740466
1783322777.755128622 -4.907242 -5.151855 0.066960 0.015022 0.014948 -0.681605 0.731414
1783322777.855266571 -4.888082 -5.106743 0.066522 0.015209 0.014651 -0.691494 0.722073
1783322777.955389977 -4.867589 -5.061433 0.066360 0.015834 0.015155 -0.701171 0.712656
1783322778.055459738 -4.846643 -5.016003 0.066542 0.015380 0.015272 -0.710429 0.703435
1783322778.155570030 -4.825643 -4.971287 0.066821 0.015141 0.014945 -0.719442 0.694227
1783322778.264476299 -4.802361 -4.924088 0.066898 0.015450 0.015032 -0.728690 0.684505
1783322778.355492115 -4.782519 -4.885845 0.067039 0.015685 0.014825 -0.736300 0.676311
1783322778.455458879 -4.760381 -4.844532 0.067493 0.015687 0.014640 -0.744218 0.667592
1783322778.555344820 -4.737199 -4.804399 0.068662 0.015192 0.014643 -0.751780 0.659077
1783322778.656352282 -4.713008 -4.764541 0.069125 0.016437 0.014851 -0.758957 0.650764
1783322778.759336710 -4.687479 -4.723588 0.070271 0.016336 0.014416 -0.766184 0.642251
1783322778.859067678 -4.661376 -4.683318 0.071315 0.015846 0.014753 -0.773560 0.633354
1783322778.955206394 -4.635189 -4.644710 0.072232 0.015835 0.014121 -0.780063 0.625342
1783322779.055266619 -4.607070 -4.604277 0.070364 0.014812 0.013970 -0.786350 0.617446
1783322779.155244827 -4.579561 -4.565638 0.068468 0.015954 0.014109 -0.793004 0.608844
1783322779.255232334 -4.551282 -4.527529 0.067247 0.016568 0.013792 -0.799406 0.600404
1783322779.356536388 -4.521349 -4.489681 0.066132 0.015939 0.013015 -0.806014 0.591538
1783322779.456759930 -4.491838 -4.452946 0.065426 0.016313 0.013006 -0.812510 0.582573
1783322779.560746670 -4.459896 -4.416025 0.065120 0.016758 0.012818 -0.819221 0.573089
1783322779.655406475 -4.429111 -4.382919 0.065548 0.016731 0.012203 -0.825313 0.564296
1783322779.756963730 -4.395679 -4.347514 0.066890 0.016993 0.011807 -0.831787 0.554709
1783322779.855271816 -4.361594 -4.313607 0.067908 0.017382 0.011243 -0.838141 0.545061
1783322779.955318451 -4.325233 -4.279314 0.068619 0.017330 0.011814 -0.844535 0.535090
1783322780.055313587 -4.288679 -4.244683 0.068645 0.017794 0.011010 -0.850682 0.525264
1783322780.155208826 -4.250282 -4.211077 0.068104 0.017967 0.010438 -0.856713 0.515374
1783322780.256071568 -4.210339 -4.177470 0.067859 0.018549 0.010526 -0.862705 0.505258
1783322780.355164289 -4.168306 -4.144721 0.067045 -0.018306 -0.010742 0.868633 -0.495002
1783322780.455146790 -4.124894 -4.111645 0.066649 -0.018261 -0.010583 0.874414 -0.484721
1783322780.555133104 -4.080893 -4.079833 0.066477 -0.018710 -0.010540 0.880067 -0.474364
1783322780.655119896 -4.035414 -4.047765 0.066155 -0.017840 -0.009392 0.885738 -0.463748
1783322780.755108118 -3.989486 -4.018100 0.066446 -0.019372 -0.010707 0.890411 -0.454618
1783322780.855164051 -3.943441 -3.986753 0.065754 -0.019060 -0.008983 0.894809 -0.445951
1783322780.955127954 -3.897368 -3.955728 0.065142 -0.018759 -0.008644 0.899690 -0.436041
1783322781.055138826 -3.850944 -3.924770 0.063998 -0.018214 -0.008576 0.903558 -0.427992
1783322781.155164242 -3.803411 -3.894737 0.062888 -0.019732 -0.009205 0.907199 -0.420138
1783322781.255213261 -3.754944 -3.864146 0.061742 -0.020347 -0.007649 0.911024 -0.411779
1783322781.355222225 -3.704904 -3.833695 0.060957 -0.020704 -0.007776 0.914688 -0.403555
1783322781.455267429 -3.653162 -3.803181 0.060368 -0.020159 -0.007583 0.918167 -0.395609
1783322781.555232048 -3.600597 -3.772731 0.059505 -0.019584 -0.007187 0.921873 -0.386930
1783322781.655380487 -3.548083 -3.741248 0.058409 -0.019695 -0.006429 0.924710 -0.380108
1783322781.755186081 -3.495455 -3.709697 0.057267 -0.020208 -0.006059 0.927079 -0.374271
1783322781.855172157 -3.442941 -3.678382 0.056386 -0.020502 -0.006621 0.929374 -0.368511
1783322781.955157042 -3.391244 -3.645937 0.058659 -0.019853 -0.005810 0.931617 -0.362852
1783322782.055250645 -3.339287 -3.614435 0.058879 -0.019086 -0.006033 0.933423 -0.358220
1783322782.155211210 -3.288030 -3.583902 0.059271 -0.018180 -0.005854 0.935349 -0.353211
1783322782.255231142 -3.239156 -3.554968 0.060846 -0.017792 -0.005440 0.936970 -0.348914
1783322782.355387211 -3.190680 -3.526842 0.060029 -0.017710 -0.005209 0.938325 -0.345262
1783322782.455391169 -3.142736 -3.498355 0.058225 -0.018170 -0.005608 0.939655 -0.341594
1783322782.555361032 -3.095374 -3.469443 0.056528 -0.019040 -0.004872 0.941038 -0.337729
1783322782.655436277 -3.046835 -3.440874 0.054791 -0.019121 -0.004614 0.942168 -0.334563
1783322782.755460501 -2.998440 -3.413038 0.053512 -0.018816 -0.003930 0.943365 -0.331199
1783322782.855426550 -2.950644 -3.386199 0.052610 -0.018500 -0.003830 0.944521 -0.327909
1783322782.955335379 -2.902340 -3.360923 0.051190 -0.018403 -0.004634 0.945526 -0.324993
1783322783.055345058 -2.854643 -3.335904 0.051212 -0.018483 -0.005456 0.946124 -0.323230
1783322783.155321598 -2.806822 -3.310438 0.051253 -0.017841 -0.005655 0.946991 -0.320716
1783322783.255287170 -2.758524 -3.286100 0.051654 -0.017205 -0.005666 0.947790 -0.318380
1783322783.355295181 -2.710591 -3.262461 0.052121 -0.017799 -0.007293 0.948599 -0.315897
1783322783.456295252 -2.661625 -3.237381 0.052411 -0.018014 -0.007395 0.949280 -0.313829
1783322783.556140184 -2.612444 -3.209859 0.051683 -0.017701 -0.006560 0.950068 -0.311470
1783322783.655647993 -2.561926 -3.181111 0.050691 -0.016743 -0.005842 0.950644 -0.309775
1783322783.755267620 -2.510429 -3.153216 0.049373 -0.016678 -0.005636 0.951529 -0.307056
1783322783.855267763 -2.458944 -3.124755 0.048079 -0.016791 -0.005583 0.952202 -0.304955
1783322783.955317736 -2.406919 -3.097849 0.046553 -0.017327 -0.005780 0.952878 -0.302804
1783322784.055270195 -2.354000 -3.070641 0.044716 -0.017107 -0.005637 0.953481 -0.300916
1783322784.155584097 -2.301316 -3.042737 0.042663 -0.016619 -0.005117 0.954150 -0.298823
1783322784.255331993 -2.248500 -3.014948 0.040306 -0.017918 -0.004603 0.954720 -0.296931
1783322784.355301857 -2.194106 -2.987820 0.038277 -0.017011 -0.004875 0.955123 -0.295680
1783322784.455317497 -2.139445 -2.960884 0.036210 -0.017159 -0.005317 0.955573 -0.294206
1783322784.555330753 -2.084774 -2.934888 0.035906 -0.016437 -0.004901 0.956063 -0.292660
1783322784.655306101 -2.031219 -2.908665 0.035961 -0.016664 -0.005457 0.956429 -0.291439
1783322784.755311012 -1.977838 -2.882679 0.035917 -0.016561 -0.005458 0.956712 -0.290512
1783322784.855327129 -1.923784 -2.856788 0.036200 -0.016426 -0.006546 0.957018 -0.289490
1783322784.955350876 -1.869394 -2.830861 0.036532 -0.016706 -0.005486 0.957185 -0.288944
1783322785.055395365 -1.815057 -2.804457 0.036876 -0.016735 -0.005972 0.957387 -0.288263
1783322785.155349255 -1.760595 -2.777704 0.037065 -0.016986 -0.005736 0.957487 -0.287919
1783322785.255344152 -1.705279 -2.750399 0.036680 -0.017443 -0.005111 0.957637 -0.287405
1783322785.355362654 -1.649119 -2.723101 0.036331 -0.017153 -0.005155 0.957780 -0.286943
1783322785.455401421 -1.592718 -2.697252 0.035873 -0.017636 -0.006314 0.957998 -0.286162
1783322785.555389643 -1.536737 -2.670698 0.035304 -0.018769 -0.006132 0.958040 -0.285953
1783322785.655427933 -1.480920 -2.644027 0.034884 -0.018664 -0.005467 0.958170 -0.285540
1783322785.755398035 -1.424341 -2.617390 0.034377 -0.018742 -0.005357 0.958259 -0.285236
1783322785.855406284 -1.368048 -2.589752 0.033348 -0.018929 -0.005434 0.958388 -0.284788
1783322785.955431461 -1.311342 -2.562265 0.032174 -0.019652 -0.005021 0.958444 -0.284560
1783322786.055439949 -1.253968 -2.534622 0.031085 -0.019721 -0.004937 0.958537 -0.284242
1783322786.155357122 -1.196484 -2.505884 0.030241 -0.019888 -0.004424 0.958514 -0.284317
1783322786.255327702 -1.137600 -2.477651 0.029541 -0.020132 -0.004430 0.958482 -0.284406
1783322786.355298996 -1.078538 -2.448613 0.028727 -0.020117 -0.004050 0.958535 -0.284235
1783322786.455224991 -1.019804 -2.420202 0.027356 -0.020171 -0.003860 0.958493 -0.284376
1783322786.555203915 -0.961548 -2.392790 0.026358 -0.020626 -0.004624 0.958323 -0.284902
1783322786.655138016 -0.903958 -2.364348 0.025376 -0.020476 -0.004276 0.958174 -0.285421
1783322786.755131721 -0.846131 -2.335869 0.024148 -0.019850 -0.005116 0.957987 -0.286079
1783322786.855074406 -0.788899 -2.306681 0.023119 -0.018575 -0.005837 0.957679 -0.287181
1783322786.955037117 -0.732759 -2.276460 0.021765 -0.019208 -0.006235 0.957038 -0.289258
1783322787.055078745 -0.676779 -2.244683 0.021066 -0.019917 -0.005514 0.956140 -0.292181
1783322787.155259132 -0.620526 -2.212148 0.020523 -0.018755 -0.005818 0.955051 -0.295789
1783322787.255113602 -0.565434 -2.179455 0.019954 -0.018175 -0.005885 0.953893 -0.299540
1783322787.355132818 -0.511858 -2.146528 0.019157 -0.018148 -0.005656 0.952704 -0.303304
1783322787.455236912 -0.458972 -2.113066 0.018535 -0.017514 -0.005413 0.951221 -0.307964
1783322787.555213928 -0.408020 -2.079072 0.017836 -0.016030 -0.005531 0.949724 -0.312630
1783322787.655241728 -0.358153 -2.044251 0.016832 -0.016943 -0.006167 0.947574 -0.319028
1783322787.755307198 -0.308526 -2.009099 0.016089 -0.016884 -0.005945 0.945589 -0.324870
1783322787.855296373 -0.259658 -1.973385 0.015329 -0.016284 -0.005867 0.943547 -0.330786
1783322787.955500126 -0.210289 -1.938070 0.014255 -0.016024 -0.006653 0.941351 -0.336983
1783322788.055321693 -0.161641 -1.903202 0.013265 -0.015677 -0.006702 0.939416 -0.342355
1783322788.155338287 -0.114297 -1.868528 0.012551 -0.015491 -0.006869 0.937329 -0.348032
1783322788.255400896 -0.067256 -1.833446 0.011751 -0.015001 -0.007169 0.935554 -0.352791
1783322788.355308771 -0.021263 -1.797704 0.010689 -0.015085 -0.007448 0.933472 -0.358255
1783322788.455263138 0.024544 -1.761166 0.009661 -0.015103 -0.007936 0.931385 -0.363636
1783322788.555249214 0.070013 -1.723589 0.008863 -0.014929 -0.007825 0.929237 -0.369100
1783322788.655258894 0.114239 -1.686830 0.008040 -0.014467 -0.008101 0.927044 -0.374585
1783322788.755313396 0.157212 -1.649676 0.006980 -0.014502 -0.008033 0.924818 -0.380048
1783322788.855283499 0.198959 -1.613059 0.005903 -0.014845 -0.007898 0.922787 -0.384943
1783322788.955296993 0.239372 -1.576703 0.004819 -0.014814 -0.008089 0.920401 -0.390611
1783322789.055320501 0.279067 -1.540034 0.003702 -0.014667 -0.007722 0.918116 -0.395966
1783322789.155339956 0.318408 -1.502767 0.002685 -0.015350 -0.007847 0.915613 -0.401690
1783322789.255340099 0.357228 -1.465113 0.001526 -0.015381 -0.007750 0.913271 -0.406989
1783322789.355352402 0.395070 -1.426511 0.000267 -0.014885 -0.007748 0.910803 -0.412501
1783322789.455352545 0.432436 -1.387364 -0.001124 -0.015589 -0.008654 0.908142 -0.418282
1783322789.555381536 0.470550 -1.346898 -0.002817 -0.015659 -0.008329 0.905349 -0.424297
1783322789.655380726 0.508962 -1.305417 -0.003888 -0.015726 -0.008420 0.902504 -0.430313
1783322789.755364895 0.547327 -1.263538 -0.004462 -0.015717 -0.008758 0.899478 -0.436596
1783322789.855311632 0.584626 -1.221169 -0.004649 -0.016133 -0.008657 0.896458 -0.442751
1783322789.956096411 0.621080 -1.177997 -0.006220 -0.016132 -0.008823 0.893206 -0.449271
1783322790.055379868 0.656003 -1.135466 -0.005360 -0.016687 -0.009802 0.889926 -0.455694
1783322790.155451059 0.690511 -1.092020 -0.005387 -0.016997 -0.009583 0.886494 -0.462328
1783322790.255301476 0.723088 -1.047790 -0.005354 -0.017295 -0.010295 0.882236 -0.470377
1783322790.355177164 0.753224 -1.003613 -0.005436 -0.017832 -0.011158 0.876790 -0.480413
1783322790.455066681 0.780727 -0.958518 -0.005323 -0.017510 -0.011566 0.869839 -0.492890
1783322790.554972410 0.805978 -0.913922 -0.005091 0.017651 0.012336 -0.861381 0.507502
1783322790.655033827 0.829568 -0.870934 -0.004784 0.018085 0.013335 -0.852885 0.521615
1783322790.755042553 0.849988 -0.829702 -0.004033 0.018301 0.014094 -0.844161 0.535593
1783322790.855079889 0.867365 -0.789822 -0.003401 0.017898 0.014442 -0.834430 0.550633
1783322790.955147743 0.882606 -0.752074 -0.002970 0.018088 0.014624 -0.823635 0.566643
1783322791.055199385 0.895944 -0.716279 -0.002612 0.017941 0.014875 -0.811783 0.583495
1783322791.155313492 0.907580 -0.682707 -0.002548 0.017523 0.015253 -0.798959 0.600936
1783322791.255348921 0.917344 -0.654107 -0.002615 0.017172 0.015615 -0.785448 0.618492
1783322791.355423450 0.924873 -0.633008 -0.002649 0.016365 0.015692 -0.771357 0.635999
1783322791.455581427 0.930292 -0.620041 -0.002805 0.015975 0.015628 -0.756362 0.653771
1783322791.555677891 0.934875 -0.615680 -0.003085 0.015685 0.015962 -0.741689 0.670371
1783322791.655690193 0.937759 -0.617324 -0.003357 0.014985 0.016203 -0.727495 0.685758
1783322791.757444620 0.938371 -0.622332 -0.003764 0.014726 0.016419 -0.711329 0.702513
1783322791.855692863 0.938524 -0.628821 -0.004180 0.014333 0.016850 -0.695269 0.718409
1783322791.955812931 0.938700 -0.635946 -0.004495 0.013909 0.017027 -0.679157 0.733664
1783322792.055889368 0.939006 -0.642468 -0.004886 0.013420 0.017207 -0.663926 0.747480
1783322792.155899763 0.939110 -0.648722 -0.005196 0.013348 0.017991 -0.649365 0.760147
1783322792.264688015 0.937831 -0.652515 -0.005318 0.013122 0.018312 -0.633572 0.773356
1783322792.355825424 0.935965 -0.654772 -0.005324 0.013161 0.018561 -0.619004 0.785058
1783322792.455937147 0.934103 -0.656433 -0.005292 0.013139 0.018955 -0.602812 0.797550
1783322792.561023951 0.932171 -0.656716 -0.005237 0.013339 0.019271 -0.586730 0.809443
1783322792.655900002 0.930572 -0.655256 -0.005478 0.013350 0.019868 -0.573519 0.818842
1783322792.756443739 0.928686 -0.651262 -0.005817 0.013814 0.020507 -0.560336 0.827896
1783322792.855751514 0.925811 -0.642930 -0.005913 0.013956 0.020970 -0.546388 0.837153
1783322792.956318855 0.923089 -0.630095 -0.005894 0.013944 0.021268 -0.531072 0.846945
1783322793.055718184 0.920323 -0.614340 -0.005969 0.014400 0.022002 -0.515876 0.856260
1783322793.155686140 0.916092 -0.596776 -0.005506 0.014615 0.022438 -0.500547 0.865295
1783322793.255678654 0.911078 -0.578019 -0.005046 0.014624 0.022709 -0.484975 0.874111
1783322793.355751514 0.905775 -0.558585 -0.004507 0.015039 0.023445 -0.469342 0.882577
1783322793.455717087 0.899348 -0.538644 -0.003984 0.015294 0.023659 -0.452868 0.891132
1783322793.555738926 0.891790 -0.518651 -0.003617 0.015433 0.023659 -0.436228 0.899393
1783322793.655768156 0.883558 -0.499184 -0.003502 0.015769 0.024001 -0.419861 0.907134
1783322793.755899668 0.874838 -0.479765 -0.003281 0.015467 0.024161 -0.404692 0.914003
1783322793.856039524 0.865515 -0.460489 -0.003215 0.015473 0.024075 -0.391533 0.919719
1783322793.956099510 0.855670 -0.441387 -0.003094 0.015188 0.024192 -0.379724 0.924659
1783322794.056149721 0.845824 -0.423093 -0.002967 0.014933 0.024390 -0.368457 0.929205
1783322794.156784773 0.836313 -0.406049 -0.002913 0.014515 0.024421 -0.356829 0.933738
1783322794.256169558 0.826924 -0.391117 -0.002857 0.014283 0.024568 -0.346289 0.937697
1783322794.356168985 0.817189 -0.377563 -0.002840 0.014238 0.024441 -0.337131 0.941033
1783322794.456258059 0.807712 -0.365447 -0.002801 0.013920 0.024288 -0.328602 0.944053
1783322794.556090832 0.798694 -0.354823 -0.002800 0.013839 0.024376 -0.320627 0.946791
1783322794.656039715 0.789924 -0.345323 -0.002925 0.013853 0.024433 -0.313011 0.949334
1783322794.756309509 0.780993 -0.336326 -0.003044 0.013769 0.024383 -0.305851 0.951667
1783322794.855899096 0.772138 -0.328137 -0.003135 0.013767 0.024524 -0.298722 0.953926
1783322794.955874681 0.762584 -0.319840 -0.003153 0.013691 0.024476 -0.291782 0.956074
1783322795.055905342 0.753030 -0.312402 -0.003100 0.013410 0.024463 -0.285888 0.957857
1783322795.155894995 0.743690 -0.306398 -0.003038 0.013180 0.024607 -0.279492 0.959742
1783322795.255892515 0.733712 -0.300313 -0.003026 0.012770 0.024943 -0.273492 0.961466
1783322795.355906010 0.721890 -0.293423 -0.002925 0.012655 0.025030 -0.265819 0.963615
1783322795.455865622 0.708832 -0.285067 -0.002577 0.012391 0.025237 -0.256681 0.966087
1783322795.555971861 0.694007 -0.275567 -0.002114 0.012257 0.025643 -0.246697 0.968676
1783322795.655990601 0.676523 -0.263159 -0.001425 0.012122 0.025816 -0.238588 0.970702
1783322795.756100416 0.656892 -0.249424 -0.000465 0.011961 0.025924 -0.230713 0.972603
1783322795.856236935 0.636701 -0.234704 0.000442 0.011935 0.026055 -0.223081 0.974379
1783322795.956182718 0.615797 -0.220526 0.001411 0.012003 0.026607 -0.215229 0.976127
1783322796.056261301 0.593340 -0.206697 0.002463 0.011685 0.026702 -0.207474 0.977806
1783322796.156235695 0.569141 -0.192755 0.003481 0.012321 0.027007 -0.200241 0.979297
1783322796.256167650 0.542469 -0.178188 0.004840 0.012640 0.027289 -0.193064 0.980725
1783322796.356100798 0.513804 -0.162707 0.006016 0.012402 0.027439 -0.183905 0.982483
1783322796.455957890 0.484746 -0.147479 0.007271 0.012211 0.027679 -0.174178 0.984249
1783322796.555827856 0.455431 -0.133850 0.008413 0.011829 0.027803 -0.162979 0.986167
1783322796.655820847 0.426439 -0.122387 0.009537 0.011324 0.027760 -0.149854 0.988253
1783322796.755630016 0.398888 -0.112662 0.010533 0.010737 0.028046 -0.136593 0.990172
1783322796.855593920 0.371362 -0.105108 0.011471 0.010309 0.028314 -0.122305 0.992035
1783322796.955510378 0.343296 -0.099650 0.012249 0.009762 0.028101 -0.106632 0.993853
1783322797.055537701 0.314955 -0.095921 0.012870 0.009343 0.028394 -0.089835 0.995508
1783322797.155624390 0.286559 -0.093145 0.013521 0.009389 0.028499 -0.072698 0.996903
1783322797.255736113 0.258239 -0.090158 0.014273 0.009084 0.028633 -0.056530 0.997949
1783322797.355906487 0.230854 -0.087024 0.014846 0.008870 0.028613 -0.040954 0.998712
1783322797.455943823 0.204345 -0.085029 0.015270 0.008881 0.028771 -0.025519 0.999221
1783322797.556031942 0.178692 -0.082851 0.015531 0.008691 0.028909 -0.011313 0.999480
1783322797.656186104 0.154404 -0.081856 0.015581 0.008824 0.029025 0.002223 0.999537
1783322797.756303787 0.132252 -0.081298 0.015639 0.008840 0.029200 0.014085 0.999435
1783322797.856373072 0.112389 -0.081242 0.015564 0.009071 0.029253 0.024663 0.999227
1783322797.956406116 0.094358 -0.080505 0.016224 0.009247 0.029069 0.032993 0.998990
1783322798.056402683 0.077465 -0.079621 0.016795 0.009444 0.028991 0.038970 0.998775
1783322798.156450272 0.061497 -0.079267 0.017457 0.009572 0.028911 0.043706 0.998580
1783322798.256335258 0.046306 -0.078690 0.018009 0.009810 0.028699 0.047644 0.998404
1783322798.356328249 0.032291 -0.077021 0.019130 0.009978 0.028381 0.050694 0.998261
1783322798.456300974 0.019231 -0.074341 0.019048 0.010008 0.028531 0.052207 0.998178
1783322798.556211710 0.007960 -0.070760 0.020646 0.010045 0.028114 0.052189 0.998191
1783322798.656209469 -0.002365 -0.067227 0.024654 0.010007 0.028220 0.050582 0.998271
1783322798.755923033 -0.013212 -0.064901 0.025107 0.009819 0.028207 0.050082 0.998298
1783322798.855821133 -0.024460 -0.062425 0.025522 0.009725 0.028060 0.050783 0.998268
1783322798.955725193 -0.033896 -0.061049 0.025991 0.009714 0.027704 0.051000 0.998267
1783322799.055668354 -0.038280 -0.060146 0.026222 0.009627 0.027260 0.051015 0.998279
1783322799.158684969 -0.037732 -0.060180 0.026178 0.009603 0.027238 0.051337 0.998264
1783322799.255638838 -0.035222 -0.060365 0.026118 0.009525 0.027412 0.051404 0.998256
1783322799.355701923 -0.033852 -0.060514 0.026092 0.009364 0.027325 0.051307 0.998265
1783322799.455759764 -0.033147 -0.060794 0.026011 0.009320 0.027309 0.051207 0.998271
1783322799.555832148 -0.031918 -0.060905 0.025984 0.009296 0.027464 0.051027 0.998276
1783322799.656481028 -0.031102 -0.060753 0.026045 0.009248 0.027580 0.050742 0.998288
1783322799.755892277 -0.031029 -0.060556 0.026074 0.009252 0.027710 0.050665 0.998288
1783322799.855956316 -0.030925 -0.060353 0.026234 0.009215 0.027914 0.050471 0.998293
1783322799.958626509 -0.031122 -0.060105 0.026314 0.009189 0.028087 0.050488 0.998287
1783322800.055884361 -0.031267 -0.059948 0.026286 0.009146 0.028212 0.050457 0.998286
1783322800.156371355 -0.031026 -0.059937 0.026232 0.009128 0.028354 0.050378 0.998286
1783322800.255897760 -0.030772 -0.060252 0.026177 0.009205 0.028382 0.050275 0.998290
1783322800.355904102 -0.030507 -0.060427 0.026063 0.009157 0.028542 0.050034 0.998298
1783322800.456628084 -0.030683 -0.060674 0.025958 0.009222 0.028555 0.050070 0.998295
1783322800.556617498 -0.030907 -0.060866 0.025948 0.009302 0.028608 0.050078 0.998292
1783322800.655921698 -0.031161 -0.060665 0.025909 0.009294 0.028632 0.050010 0.998295
1783322800.755925179 -0.031430 -0.060755 0.025920 0.009368 0.028684 0.050101 0.998288
1783322800.855960846 -0.031876 -0.060751 0.025980 0.009395 0.028597 0.050073 0.998292
1783322800.956034422 -0.031674 -0.060712 0.025867 0.009434 0.028677 0.050163 0.998285
1783322801.056052923 -0.031645 -0.060932 0.025826 0.009500 0.028663 0.050208 0.998282
1783322801.156125784 -0.031453 -0.061006 0.025725 0.009507 0.028614 0.050232 0.998282
1783322801.256164074 -0.030973 -0.061292 0.025525 0.009561 0.028622 0.050117 0.998287
1783322801.356208563 -0.030761 -0.061361 0.025263 0.009513 0.028631 0.049977 0.998295
1783322801.456236124 -0.031165 -0.061403 0.025010 0.009538 0.028510 0.049904 0.998301
1783322801.556210518 -0.031288 -0.061289 0.024698 0.009572 0.028389 0.049974 0.998301
1783322801.656204224 -0.031271 -0.061035 0.024341 0.009565 0.028341 0.049982 0.998302
1783322801.756370783 -0.030688 -0.060726 0.023981 0.009444 0.028388 0.049601 0.998321
1783322801.856135845 -0.030303 -0.060879 0.023479 0.009527 0.028260 0.049642 0.998322
1783322801.956094980 -0.029659 -0.061064 0.022892 0.009421 0.028390 0.049416 0.998330
1783322802.056079626 -0.029064 -0.061257 0.022264 0.009303 0.028513 0.049197 0.998339
1783322802.156131268 -0.029489 -0.061662 0.021632 0.009370 0.028747 0.048549 0.998363
1783322802.256184340 -0.032055 -0.062307 0.021753 0.009383 0.028488 0.046593 0.998464
1783322802.356162786 -0.033630 -0.061792 0.021895 0.009197 0.028490 0.043743 0.998594
1783322802.456146955 -0.034840 -0.062473 0.021978 0.009140 0.028458 0.042845 0.998635
1783322802.556204557 -0.034502 -0.062114 0.022095 0.009023 0.028561 0.043274 0.998614
1783322802.656034708 -0.032700 -0.062971 0.026993 0.009228 0.028754 0.043418 0.998600
1783322802.756019354 -0.031292 -0.063181 0.027059 0.009001 0.028780 0.043997 0.998576
1783322802.856230736 -0.029991 -0.063799 0.027084 0.009040 0.028784 0.044309 0.998562
1783322802.956068516 -0.029200 -0.064190 0.027032 0.009037 0.028853 0.044459 0.998554
1783322803.056112766 -0.029297 -0.064439 0.027055 0.009067 0.028867 0.044511 0.998551
1783322803.156574965 -0.029879 -0.064428 0.027159 0.009097 0.028886 0.044505 0.998550
1783322803.256222010 -0.030080 -0.064181 0.027172 0.009144 0.028928 0.044515 0.998548
1783322803.357448816 -0.030223 -0.063832 0.027242 0.009202 0.028983 0.044576 0.998543
1783322803.456342936 -0.030170 -0.063823 0.027273 0.009262 0.028933 0.044611 0.998542
1783322803.556329012 -0.029763 -0.064073 0.027390 0.009330 0.028721 0.044613 0.998548
1783322803.658206463 -0.029213 -0.064435 0.027428 0.009378 0.028648 0.044591 0.998550
1783322803.756323814 -0.028801 -0.064684 0.027403 0.009496 0.028541 0.044598 0.998552
1783322803.857055187 -0.028351 -0.064817 0.027442 0.009574 0.028463 0.044611 0.998553
1783322803.957437992 -0.028408 -0.064828 0.027574 0.009662 0.028361 0.044621 0.998555
1783322804.056227684 -0.028726 -0.064828 0.027610 0.009714 0.028364 0.044647 0.998553
1783322804.156213045 -0.028692 -0.064759 0.027664 0.009774 0.028337 0.044588 0.998556
1783322804.256209612 -0.028515 -0.064750 0.027615 0.009785 0.028352 0.044613 0.998554
1783322804.356552601 -0.028474 -0.064990 0.027507 0.009801 0.028361 0.044603 0.998554
1783322804.456403732 -0.028489 -0.065311 0.027384 0.009774 0.028367 0.044594 0.998555
1783322804.556178570 -0.028528 -0.065578 0.027353 0.009774 0.028393 0.044573 0.998555
1783322804.656136990 -0.028753 -0.065573 0.027270 0.009767 0.028389 0.044581 0.998555
1783322804.756240845 -0.028943 -0.065342 0.027258 0.009718 0.028399 0.044589 0.998554
1783322804.856184244 -0.029320 -0.065010 0.027209 0.009655 0.028400 0.044588 0.998555
1783322804.960358143 -0.029630 -0.064533 0.027119 0.009590 0.028431 0.044623 0.998553
1783322805.056216240 -0.029561 -0.064177 0.026901 0.009524 0.028462 0.044605 0.998554
1783322805.156179428 -0.029299 -0.063994 0.026598 0.009481 0.028537 0.044550 0.998554
1783322805.256158113 -0.028858 -0.063843 0.026239 0.009296 0.028766 0.044544 0.998550
1783322805.356353760 -0.028980 -0.064119 0.026077 0.009307 0.028580 0.044528 0.998556
1783322805.456135273 -0.029047 -0.064122 0.025896 0.009468 0.028677 0.044615 0.998548
1783322805.556131840 -0.028775 -0.064112 0.025486 0.009406 0.028893 0.044497 0.998547
1783322805.656140566 -0.028803 -0.063771 0.025110 0.009375 0.028849 0.044492 0.998549
1783322805.756150484 -0.028738 -0.063640 0.024683 0.009318 0.029088 0.044442 0.998545
1783322805.856188297 -0.028460 -0.063576 0.024103 0.009422 0.028896 0.044503 0.998547
1783322805.956327200 -0.028116 -0.063733 0.023514 0.009464 0.028839 0.044449 0.998550
1783322806.056142330 -0.027459 -0.064008 0.022888 0.009455 0.028857 0.044413 0.998552
1783322806.156178713 -0.026910 -0.064363 0.022262 0.009446 0.028784 0.044360 0.998556
1783322806.256135225 -0.025835 -0.064513 0.022182 0.009413 0.028630 0.044354 0.998561
1783322806.356109142 -0.025195 -0.064587 0.022660 0.009470 0.028482 0.044295 0.998567
1783322806.456102371 -0.024826 -0.064512 0.022088 0.009460 0.028343 0.044058 0.998582
1783322806.556188107 -0.022780 -0.064150 0.022688 0.009448 0.028227 0.043596 0.998606
1783322806.656995058 -0.018358 -0.064891 0.026903 0.009633 0.027764 0.043527 0.998620
1783322806.756167412 -0.011171 -0.065605 0.026760 0.009524 0.027681 0.043625 0.998619
1783322806.856230021 -0.001147 -0.066544 0.026537 0.009473 0.027854 0.042854 0.998648
1783322806.956233740 0.010256 -0.068524 0.026398 0.009494 0.027683 0.041984 0.998690
1783322807.056317329 0.021451 -0.070256 0.026010 0.009555 0.027756 0.041504 0.998707
1783322807.156328201 0.031457 -0.071252 0.025777 0.009540 0.027905 0.040471 0.998745
1783322807.256363153 0.039224 -0.072510 0.025571 0.009581 0.028101 0.038833 0.998805
1783322807.356792450 0.045361 -0.073188 0.025347 0.009586 0.028326 0.036547 0.998884
1783322807.456243277 0.050433 -0.073606 0.025191 0.009592 0.028804 0.035133 0.998921
1783322807.556189775 0.052961 -0.074248 0.025014 0.009645 0.028996 0.035852 0.998890
1783322807.656121492 0.052497 -0.074473 0.024988 0.009570 0.029021 0.035838 0.998890
1783322807.756072283 0.051291 -0.074688 0.024966 0.009517 0.029049 0.035695 0.998895
1783322807.856073856 0.050688 -0.074591 0.024901 0.009413 0.029166 0.035929 0.998884
1783322807.956089973 0.049941 -0.074406 0.024856 0.009398 0.029116 0.036069 0.998881
1783322808.056307316 0.049495 -0.074299 0.024823 0.009454 0.029195 0.036091 0.998877
1783322808.156228542 0.048640 -0.073916 0.024887 0.009397 0.029112 0.036071 0.998881
1783322808.256253004 0.048210 -0.073540 0.024933 0.009404 0.029143 0.036095 0.998879
1783322808.359490871 0.047555 -0.073274 0.025039 0.009454 0.028996 0.036308 0.998875
1783322808.456635952 0.047576 -0.073481 0.024993 0.009500 0.029028 0.036323 0.998873
1783322808.556371927 0.047546 -0.073781 0.024862 0.009503 0.028964 0.036260 0.998877
1783322808.656355143 0.047648 -0.074313 0.024808 0.009582 0.028994 0.036231 0.998877
1783322808.756412745 0.047510 -0.074514 0.024819 0.009658 0.028967 0.036284 0.998875
1783322808.856374502 0.047338 -0.074730 0.024810 0.009764 0.028952 0.036300 0.998874
1783322808.956327438 0.046885 -0.074623 0.024865 0.009818 0.028945 0.036274 0.998874
1783322809.057700396 0.046357 -0.074553 0.024870 0.009915 0.028978 0.036332 0.998870
1783322809.156326532 0.046079 -0.074309 0.024823 0.009964 0.029008 0.036337 0.998869
1783322809.256231785 0.045804 -0.074346 0.024667 0.010022 0.028976 0.036366 0.998868
1783322809.356654644 0.045926 -0.074613 0.024400 0.010042 0.028980 0.036346 0.998869
1783322809.456236601 0.046193 -0.075048 0.023991 0.010064 0.028931 0.036320 0.998871
1783322809.556223869 0.046623 -0.075237 0.023553 0.010083 0.028922 0.036367 0.998869
1783322809.656113625 0.046922 -0.075281 0.023083 0.010085 0.028894 0.036415 0.998868
1783322809.756307364 0.047153 -0.075152 0.022539 0.010090 0.028847 0.036473 0.998867
1783322809.856122017 0.046966 -0.074898 0.021988 0.010057 0.028817 0.036541 0.998866
1783322809.956309557 0.046581 -0.074589 0.021484 0.010022 0.028759 0.036608 0.998866
1783322810.056224108 0.046817 -0.074247 0.020835 0.009925 0.028798 0.036597 0.998866
1783322810.156167746 0.046728 -0.074439 0.020235 0.009937 0.028839 0.036626 0.998863
1783322810.256222486 0.046893 -0.074484 0.020837 0.009889 0.028794 0.036627 0.998865
1783322810.356168509 0.047278 -0.074924 0.020151 0.009883 0.028911 0.036615 0.998862
1783322810.456201553 0.047754 -0.074916 0.021330 0.009839 0.028883 0.036601 0.998864
1783322810.556226730 0.047723 -0.074936 0.024735 0.009822 0.028985 0.036593 0.998862
1783322810.656113625 0.047857 -0.074711 0.024697 0.009828 0.029030 0.036582 0.998861
1783322810.756178141 0.047878 -0.074498 0.024672 0.009820 0.029070 0.036547 0.998861
1783322810.856053591 0.047728 -0.074295 0.024630 0.009799 0.029121 0.036559 0.998859
1783322810.956062794 0.047611 -0.074211 0.024634 0.009769 0.029128 0.036568 0.998859
1783322811.056088686 0.047677 -0.074420 0.024566 0.009760 0.029138 0.036587 0.998858
1783322811.156130314 0.047789 -0.074706 0.024561 0.009747 0.029110 0.036544 0.998860
1783322811.256196022 0.047859 -0.074918 0.024599 0.009737 0.029115 0.036571 0.998859
1783322811.356213808 0.047756 -0.074874 0.024707 0.009737 0.029074 0.036577 0.998860
1783322811.456264257 0.047592 -0.074581 0.024800 0.009717 0.029071 0.036572 0.998861
1783322811.556263208 0.047329 -0.074259 0.024881 0.009735 0.029003 0.036557 0.998863
1783322811.656460047 0.047181 -0.073823 0.024973 0.009712 0.028945 0.036592 0.998864
1783322811.756220579 0.047299 -0.073640 0.025055 0.009682 0.028944 0.036581 0.998864
1783322811.856226206 0.047453 -0.073678 0.025066 0.009662 0.028883 0.036597 0.998866
1783322811.956199169 0.047661 -0.074136 0.025088 0.009664 0.028829 0.036639 0.998866
1783322812.056243658 0.048019 -0.074782 0.025179 0.009654 0.028769 0.036776 0.998863
1783322812.156336308 0.048375 -0.075415 0.025180 0.009603 0.028762 0.036535 0.998872
1783322812.256808043 0.048154 -0.075433 0.025268 0.009493 0.028665 0.036605 0.998873
1783322812.356249094 0.048244 -0.075556 0.025311 0.009520 0.028678 0.036617 0.998872
1783322812.456203461 0.048014 -0.075235 0.025321 0.009474 0.028630 0.036724 0.998870
1783322812.556226730 0.047845 -0.075020 0.025306 0.009408 0.028558 0.036683 0.998874
1783322812.656172276 0.048099 -0.075011 0.025286 0.009383 0.028624 0.036585 0.998876
1783322812.756141663 0.047987 -0.075166 0.025150 0.009386 0.028555 0.036670 0.998875
1783322812.856120825 0.048391 -0.075315 0.024970 0.009324 0.028620 0.036649 0.998875
1783322812.956096172 0.048394 -0.075428 0.024859 0.009308 0.028622 0.036647 0.998875
1783322813.056056023 0.048373 -0.075382 0.024693 0.009282 0.028699 0.036663 0.998872
1783322813.156059265 0.048111 -0.075106 0.024527 0.009295 0.028746 0.036693 0.998870
1783322813.256125450 0.047903 -0.074604 0.024307 0.009322 0.028805 0.036708 0.998867
1783322813.356146336 0.047681 -0.074232 0.024015 0.009375 0.028922 0.036698 0.998864
1783322813.456135750 0.047462 -0.074059 0.023658 0.009390 0.028989 0.036729 0.998861
1783322813.556164503 0.047496 -0.074165 0.023284 0.009448 0.029090 0.036702 0.998858
1783322813.656385183 0.047428 -0.074293 0.022774 0.009506 0.029143 0.036731 0.998855
1783322813.756190777 0.047438 -0.074482 0.022165 0.009586 0.029156 0.036750 0.998853
1783322813.856299162 0.047340 -0.074669 0.021562 0.009651 0.029188 0.036805 0.998849
1783322813.956457853 0.047104 -0.074805 0.021112 0.009686 0.029165 0.036787 0.998850
1783322814.056296587 0.046866 -0.074692 0.020693 0.009698 0.029150 0.036767 0.998852
1783322814.156499863 0.046970 -0.074155 0.021458 0.009753 0.029049 0.036739 0.998855
1783322814.256412983 0.046777 -0.074062 0.020974 0.009760 0.029019 0.036759 0.998855
1783322814.356914759 0.046703 -0.074463 0.020991 0.009882 0.028976 0.036773 0.998855
1783322814.456344366 0.046740 -0.074696 0.020959 0.009772 0.028944 0.036705 0.998859
1783322814.556233168 0.047107 -0.075250 0.020885 0.009945 0.028969 0.036732 0.998856
1783322814.656182051 0.046803 -0.075318 0.020814 0.009940 0.028876 0.036811 0.998856
1783322814.756173372 0.046969 -0.075410 0.020840 0.009999 0.028858 0.036714 0.998859
1783322814.856144667 0.046701 -0.075364 0.020863 0.010011 0.028894 0.036718 0.998858
1783322814.956197500 0.046295 -0.075208 0.020969 0.010034 0.028825 0.036677 0.998861
1783322815.056251049 0.046393 -0.074752 0.020900 0.010064 0.028874 0.036669 0.998860
1783322815.156210899 0.046721 -0.074629 0.021342 0.010033 0.028787 0.036657 0.998863
1783322815.256258726 0.046897 -0.074836 0.020590 0.009963 0.028777 0.036641 0.998864
1783322815.356331110 0.047299 -0.075121 0.020379 0.009893 0.028775 0.036641 0.998865
1783322815.456466198 0.047480 -0.075323 0.020211 0.009814 0.028748 0.036662 0.998866
1783322815.556375504 0.047709 -0.075175 0.020125 0.009747 0.028760 0.036635 0.998867
1783322815.656383038 0.047818 -0.074970 0.020078 0.009696 0.028771 0.036636 0.998867
1783322815.756433487 0.048064 -0.074830 0.020745 0.009581 0.028778 0.036622 0.998869
1783322815.856456280 0.047939 -0.074521 0.020193 0.009552 0.028810 0.036625 0.998868
1783322815.956543684 0.047977 -0.074271 0.019658 0.009525 0.028900 0.036643 0.998865
1783322816.056786060 0.047847 -0.074218 0.019214 0.009448 0.029026 0.036638 0.998862
1783322816.156485558 0.047700 -0.074456 0.018973 0.009393 0.029157 0.036661 0.998858
1783322816.256498575 0.047696 -0.074828 0.018972 0.009337 0.029364 0.036803 0.998847
1783322816.356471062 0.047306 -0.075179 0.019390 0.009296 0.029566 0.036744 0.998844
1783322816.456483126 0.047070 -0.075233 0.020229 0.009179 0.029768 0.036731 0.998840
1783322816.556497574 0.047060 -0.075266 0.021540 0.009140 0.030000 0.036751 0.998832
1783322816.656561375 0.047048 -0.075122 0.023632 0.009035 0.030158 0.036803 0.998827
1783322816.756607056 0.047659 -0.075055 0.026580 0.008915 0.030442 0.036760 0.998821
1783322816.856507778 0.048446 -0.075006 0.030540 0.008777 0.030669 0.036818 0.998813
1783322816.956473112 0.049847 -0.075061 0.035694 0.008603 0.031011 0.036883 0.998801
1783322817.056502342 0.051533 -0.075010 0.042168 0.008452 0.031318 0.036967 0.998790
